model,term,beta,se,ci_low,ci_high,p,OR,OR_low,OR_high,p_holm_secondary
primary_ordinal,threshold_1,-0.9979587944926269,1.8948411951987771,-4.788205510311639,2.792287921326385,0.6003634991264427,0.3686311256230397,0.008327387392848789,16.318312138907448,
primary_ordinal,threshold_2,-2.5022480216068193,1.8211578846037932,-6.145106171723885,1.1406101285102461,0.17455694483942005,0.08190067703048282,0.0021439482531470312,3.128676677809462,
primary_ordinal,threshold_3,-3.537886300328603,1.7709928767406067,-7.080399494475609,0.004626893818401978,0.05029051080316447,0.02907471739960743,0.0008414369318188567,1.0046376144195892,
primary_ordinal,threshold_4,-4.82163158506183,1.7506639224738774,-8.323480816265269,-1.319782353858391,0.007776551407139232,0.008053636221044611,0.00024274942578224703,0.26719344926114846,
primary_ordinal,threshold_5,-6.066192228262085,1.7945188618083536,-9.655764399100844,-2.4766200574233252,0.0012777202073997768,0.0023199904069168874,6.405526067587804e-05,0.08402675176706097,
primary_ordinal,threshold_6,-7.480811546260844,1.8416887871704002,-11.16473761606588,-3.7968854764558073,0.00014334238673061145,0.0005637996803386937,1.4164983124054481e-05,0.022440554765661352,
primary_ordinal,understanding_w,-0.1662758307131089,0.1245289962083746,-0.4153709106063427,0.08281924918012493,0.1868423899385098,0.846812625042357,0.6600953989085093,1.0863454329735722,
primary_ordinal,understanding_b,0.8568745267081338,0.20460687489375873,0.447599840489004,1.2661492129272636,9.363426679998697e-05,2.3557862284235425,1.5645524998095148,3.547166844644524,
primary_ordinal,human10_w,0.28292372421597073,0.08044697328415341,0.12200581876803926,0.44384162966390217,0.0008386015950407889,1.327003939690898,1.129760675576504,1.5586836168258174,
primary_ordinal,human10_b,0.32997788721126997,0.16041556341486457,0.009098985095325918,0.650856789327214,0.04403932484918453,1.3909373706194974,1.0091405066994796,1.9171827472406016,
primary_ordinal,prompt_code_athletes,0.01708155232967342,0.3205872212504071,-0.6241883681031197,0.6583514727624666,0.9576841723537046,1.0172282762783909,0.5356960401160051,1.9316054041322206,
primary_ordinal,prompt_code_audiobook,-0.01004912879165244,0.23541208539599914,-0.4809434104851046,0.4608451529017997,0.9660924691233215,0.9900011949919517,0.61819990034556,1.5854133356178752,
primary_ordinal,prompt_code_bee,0.20670342808278883,0.36883198148611607,-0.5310703811730931,0.9444772373386708,0.5772748975050248,1.2296178475774548,0.5879752750671716,2.57146875930843,
primary_ordinal,prompt_code_dad,-0.3148107955733836,0.37747006808219735,-1.0698633506337776,0.44024175948701033,0.4075879876672779,0.7299269666179938,0.3430553925178742,1.553082645591661,
primary_ordinal,prompt_code_dating,0.2731195204457465,0.26317255092521086,-0.25330395998388977,0.7995430008753828,0.30352923056976816,1.3140572921526634,0.7762319025248365,2.224524090601057,
primary_ordinal,prompt_code_extremesports,-0.17259609618150049,0.28037245488798596,-0.7334245070467303,0.3882323146837293,0.5404895228527269,0.8414774221592588,0.48026151186817806,1.474372262831143,
primary_ordinal,prompt_code_isolation,-0.15563408453202537,0.36318304004919294,-0.882108328534944,0.5708401594708932,0.6698013295850964,0.8558723099967065,0.4139093342507795,1.7697533020003857,
primary_ordinal,prompt_code_mana,0.04628513668695446,0.3851914852958619,-0.7242125524087961,0.816782825782705,0.904756785978248,1.047373012854627,0.48470609936843484,2.263206981479171,
primary_ordinal,prompt_code_mattdamon,-0.30657978206388775,0.49657667702319597,-1.2998810275764654,0.68672146344869,0.539315859232166,0.7359597994453021,0.2725642187307637,1.9871897673208272,
primary_ordinal,prompt_code_news,-0.279107518653232,0.18303472086701156,-0.6452314721565033,0.08701643485003929,0.13254107678087015,0.75645856543628,0.5245411113909919,1.090914608588946,
primary_ordinal,prompt_code_obama,-0.7033627013270269,0.377271658221351,-1.4580183775749038,0.05129297492084994,0.06716787691664802,0.49491824022070474,0.23269693561691163,1.0526312426666846,
primary_ordinal,prompt_code_pads,0.3339675140953579,0.16953407975007903,-0.005151136385917132,0.673086164576633,0.0534692596780231,1.3964977763440163,0.9948621079662028,1.9602777346908806,
primary_ordinal,prompt_code_pig,0.008582299897929404,0.3920408835752355,-0.7756162256581605,0.7927808254540192,0.9826072743255431,1.0086192334162662,0.4604199709627969,2.209532214447357,
primary_ordinal,prompt_code_reincarnation,-0.13602461563544,0.3743616437701175,-0.8848593963144844,0.6128101650436044,0.7176199039275386,0.8728211471771199,0.4127722064926235,1.8456105885443084,
primary_ordinal,prompt_code_school,0.2870405921627507,0.3749881478672359,-0.4630473832972427,1.037128567622744,0.44699494510130866,1.3324783005539504,0.6293628105165121,2.821104761480916,
primary_ordinal,prompt_code_screen,-0.13627785663287342,0.2706131232732234,-0.6775846977247787,0.4050289844590319,0.616394035661569,0.872600141064313,0.5078421044523448,1.4993459571584433,
primary_ordinal,prompt_code_shapeshifter,-0.3041504989425828,0.34766532908501885,-0.9995846995012172,0.3912837016160516,0.3851511432732043,0.7377498275262471,0.36803225341615714,1.4788780139863493,
primary_ordinal,prompt_code_sideeffect,-0.3292591353974621,0.30038072292887713,-0.930110041247164,0.2715917704522398,0.2773980228690813,0.7194565559282424,0.3945102955779915,1.3120512738704926,
primary_ordinal,prompt_code_stereotype,-0.0649341990243629,0.26268326620807414,-0.5903789642999658,0.46051056625124,0.8056006045941027,0.9371291253594185,0.5541172542826308,1.5848829662123674,
primary_ordinal,high_creative,0.11534266664114477,0.11807896524895639,-0.12085043037204025,0.3515357636543298,0.33257717990952673,1.1222579320475337,0.8861664932738312,1.4212485752995228,
primary_ordinal,high_argumentative,0.08189595064687509,0.18562118036778005,-0.28940169216251155,0.45319359345626176,0.6606544858193868,1.0853428747302045,0.7487113934910721,1.5733287431823635,
equal_person_weight,threshold_1,3.6532450415113473,2.059406668976955,-0.466181633084898,7.772671716107593,0.08114873807805253,38.59972073157595,0.6273933183138305,2374.8076319333177,
equal_person_weight,threshold_2,1.974728138154503,1.8521462780596967,-1.730116027900127,5.679572304209133,0.2906121536963258,7.204660715193985,0.17726384122536093,292.82416347431155,
equal_person_weight,threshold_3,0.3754933512025309,1.6650873677507436,-2.9551772839727395,3.706163986377801,0.822349145861314,1.4557094134805133,0.05206942868248139,40.69739096654887,
equal_person_weight,threshold_4,-0.47498009347824643,1.5985542721062207,-3.6725647223439113,2.7226045353874184,0.7673927385197421,0.6218974361566427,0.025411213592949296,15.21991146481554,
equal_person_weight,threshold_5,-1.7870709561749965,1.66105624046626,-5.109678136222852,1.5355362238728594,0.2862951663697714,0.16744992022130092,0.006038026032739982,4.643814986898305,
equal_person_weight,threshold_6,-3.3194125366939407,1.686971469251161,-6.693857892437235,0.055032819049353865,0.05373277603450721,0.03617407645574242,0.0012384955619641103,1.0565752899030725,
equal_person_weight,understanding_w,-0.15787093168591923,0.07515079302147844,-0.308194899289427,-0.007546964082411428,0.039875854096307166,0.8539599940326082,0.7347720974930415,0.9924814427443315,
equal_person_weight,understanding_b,0.31797549538354597,0.17025800116103892,-0.022591213519381592,0.6585422042864735,0.0667029146131906,1.374342583077053,0.9776620571291879,1.9319738573114318,
equal_person_weight,human10_w,0.3512532703251005,0.12022039178461387,0.1107766824766363,0.5917298581735647,0.00490022573784403,1.4208471387620656,1.1171454008518085,1.8071117601961526,
equal_person_weight,human10_b,0.1400060614898424,0.15716291137707852,-0.174366567839148,0.4543786908188328,0.3765766155772177,1.1502807712513066,0.8399889282896955,1.5751943961982482,
equal_person_weight,prompt_code_athletes,-0.7493369690277737,0.7924041835140423,-2.334381331465901,0.8357073934103535,0.34811999633570495,0.4726798502472234,0.09687039465673422,2.3064450353636032,
equal_person_weight,prompt_code_audiobook,0.20061553779268482,0.5959254446377719,-0.9914128311991299,1.3926439067844996,0.7375589051429687,1.2221548091520655,0.3710520865561418,4.025478987051927,
equal_person_weight,prompt_code_bee,-0.05915184425780525,0.4727509281025766,-1.0047944960966093,0.8864908075809989,0.9008447499318468,0.9425636354147026,0.36611986613518416,2.4265992888737227,
equal_person_weight,prompt_code_dad,-1.995387699827284,0.9238088754998485,-3.8432805814470736,-0.147494818207494,0.03478154726005331,0.1359609319174843,0.021423205368288848,0.8628669095070763,
equal_person_weight,prompt_code_dating,0.013703450212561008,0.5039269278390752,-0.9943004859982785,1.0217073864234005,0.9783957829957376,1.0137977728424543,0.3699821617478859,2.7779337235201007,
equal_person_weight,prompt_code_extremesports,-0.19858792340184275,0.4540156179166094,-1.1067543750808952,0.7095785282772097,0.6633893230914597,0.8198876802572538,0.3306303235314269,2.03313416947894,
equal_person_weight,prompt_code_isolation,-0.5635956537455324,0.41238534935943,-1.38848916989979,0.2612978624087253,0.17682758814113284,0.5691588819199235,0.2494518995129309,1.2986144162495952,
equal_person_weight,prompt_code_mana,0.3020555888758264,0.4227096492873054,-0.5434896019379825,1.1476007796896353,0.47764588456792667,1.3526364161573905,0.5807182369759951,3.150624791538516,
equal_person_weight,prompt_code_mattdamon,-0.1984177029648419,0.4686649178396791,-1.1358871173740444,0.7390517114443604,0.6735406009792146,0.8200272537752744,0.32113710862470823,2.093948904921044,
equal_person_weight,prompt_code_news,-0.9939206073593333,0.4599933856652677,-1.914044374846534,-0.07379683987213259,0.034719198426552765,0.37012273676695767,0.14748270344668743,0.928860382067668,
equal_person_weight,prompt_code_obama,0.01289118667819729,0.7172432535445318,-1.4218089312413515,1.4475913045977462,0.9857198345537088,1.0129746362275402,0.24127716809424493,4.252858327811222,
equal_person_weight,prompt_code_pads,0.32555517741350837,0.39567421030868966,-0.465911083694176,1.1170214385211927,0.41388787048122544,1.3847992418688004,0.6275630821575601,3.055738928567092,
equal_person_weight,prompt_code_pig,-0.18025491348602926,0.4609367726989185,-1.102265736001958,0.7417559090298995,0.6971365609397898,0.8350573169058979,0.33211773946159134,2.099619019593865,
equal_person_weight,prompt_code_reincarnation,-0.05423338980359914,0.4899365143193192,-1.0342523323217918,0.9257855527145936,0.9122278728126345,0.9472110113102236,0.35549207152017426,2.5238500991334196,
equal_person_weight,prompt_code_school,0.7942905538348278,0.4859741523465652,-0.17780248465923298,1.7663835923288886,0.10740525250302532,2.212870527278553,0.8371077487833493,5.849660306710878,
equal_person_weight,prompt_code_screen,0.12087223916452364,0.6975100577803551,-1.2743556102465616,1.5161000885756089,0.8630059686026061,1.128480727516385,0.2796110887017858,4.554428646905721,
equal_person_weight,prompt_code_shapeshifter,-1.149502531865299,0.48938985408221825,-2.128427991101837,-0.1705770726287611,0.02214304307076661,0.31679432526836193,0.11902425404882391,0.8431781011714589,
equal_person_weight,prompt_code_sideeffect,-1.1817749979760124,0.5118299233377885,-2.2055872788703166,-0.15796271708170817,0.024408745589930798,0.3067338032347024,0.11018579650931984,0.8538816165735762,
equal_person_weight,prompt_code_stereotype,-0.10881825716798368,0.34088167021521604,-0.7906831196640637,0.5730466053280964,0.7506639983136021,0.8968934066344717,0.45353487084805544,1.7736624779484402,
equal_person_weight,high_creative,0.3213142779617071,0.3480091580761029,-0.37480768297893796,1.0174362389023521,0.35955294182794895,1.3789388829029887,0.6874214689284764,2.7660940612542655,
equal_person_weight,high_argumentative,0.2779074128913105,0.26423723347582173,-0.2506457497254494,0.8064605755080704,0.29713885209832464,1.3203639428697067,0.7782980350217344,2.239965749857962,
session_order_adjusted,threshold_1,-0.9098272458621716,1.9186251455054886,-4.747648945678594,2.927994453954251,0.6370729055118396,0.40259376776572475,0.00867205973819918,18.69010900949581,
session_order_adjusted,threshold_2,-2.4144268830089515,1.8433510298098632,-6.101677933145365,1.272824167127462,0.1952554654500065,0.08941857154187424,0.0022391074929851785,3.5709232190230584,
session_order_adjusted,threshold_3,-3.450676829669833,1.7902203596195096,-7.031650715942324,0.13029705660265822,0.05865334060010875,0.03172415725915199,0.0008834722145935769,1.1391667300667618,
session_order_adjusted,threshold_4,-4.736094048688806,1.7693878618840515,-8.275396735113944,-1.196791362263669,0.009573889028218268,0.008772845659259019,0.0002547069892841905,0.30216218713695436,
session_order_adjusted,threshold_5,-5.983520022251461,1.8121854431931173,-9.6084306173566,-2.358609427146321,0.0016213704284724184,0.0025199404158269384,6.71601416001814e-05,0.094551612727703,
session_order_adjusted,threshold_6,-7.402101170758576,1.8557292702514603,-11.114112388290685,-3.6900899532264675,0.00018303125467477932,0.0006099697630728158,1.4900550665335741e-05,0.024969755831149583,
session_order_adjusted,understanding_w,-0.16020169797124834,0.12511842977080978,-0.41047582053564335,0.09007242459314668,0.20533219971035122,0.851971930625087,0.6633345468338333,1.0942535317022566,
session_order_adjusted,understanding_b,0.8576107005393262,0.20475356831572877,0.4480425837877258,1.2671788172909266,9.34447844074832e-05,2.357521135114891,1.5652453483100015,3.5508209039012875,
session_order_adjusted,human10_w,0.26428314297887945,0.08031361093961029,0.10363200193827632,0.4249342840194826,0.001676863018711498,1.3024969369579782,1.109192199222145,1.529489904431925,
session_order_adjusted,human10_b,0.33183701676561633,0.15926047132456303,0.013268642842128309,0.6504053906891043,0.04146328128615028,1.39352570867583,1.0133570619178167,1.916317528853382,
session_order_adjusted,prompt_code_athletes,0.020287384047474762,0.3228990003084442,-0.6256067830000882,0.6661815510950377,0.9501116053500517,1.0204945717501335,0.5349367395014122,1.94678939409197,
session_order_adjusted,prompt_code_audiobook,0.00603616416166468,0.2394850890412751,-0.4730053378524891,0.4850776661758185,0.9799752823245762,1.0060544185108249,0.6231267450101337,1.6243011572046933,
session_order_adjusted,prompt_code_bee,0.08108358767623879,0.3529114653661049,-0.6248444478594419,0.7870116232119195,0.8190627167293588,1.084461540398486,0.5353446960560084,2.1968216763287347,
session_order_adjusted,prompt_code_dad,-0.4299795935713183,0.361381978237492,-1.1528511775549783,0.2928919904123418,0.2388039356997958,0.650522369426209,0.31573526751077347,1.3402980175771764,
session_order_adjusted,prompt_code_dating,0.24769806520478124,0.2733374378752018,-0.2990582164519432,0.7944543468615056,0.3684555145214479,1.281073073257839,0.7415162397338937,2.2132330097251,
session_order_adjusted,prompt_code_extremesports,-0.16354935163158354,0.2848922170901093,-0.7334186329857431,0.4063199297225759,0.5680633728164464,0.849124592283463,0.4802643329618742,1.5012827806178037,
session_order_adjusted,prompt_code_isolation,-0.3048996342596362,0.3089598139569862,-0.9229112772077267,0.31311200868845435,0.32767501075773103,0.737197360037588,0.39736052887670326,1.367674713899475,
session_order_adjusted,prompt_code_mana,-0.12154994535676895,0.34321852823649734,-0.8080892198631746,0.5649893291496366,0.72447001025437,0.8855468232923086,0.4457089048034428,1.7594290080179746,
session_order_adjusted,prompt_code_mattdamon,-0.46979981110260943,0.44722599417663883,-1.3643849932023024,0.4247853709970835,0.29771240314634606,0.6251273993221594,0.25553778514645914,1.5292621604249723,
session_order_adjusted,prompt_code_news,-0.27789350773054156,0.1793544180532048,-0.6366557595310023,0.08086874406991912,0.12654221621906125,0.7573774720657662,0.5290587686007807,1.0842285757966057,
session_order_adjusted,prompt_code_obama,-0.8308824330920214,0.33004332790368235,-1.4910673830680956,-0.17069748311594712,0.014507408788451198,0.435664671724815,0.22513222492151652,0.843076579797754,
session_order_adjusted,prompt_code_pads,0.3154214487165322,0.17664846003216786,-0.03792808114798629,0.6687709785810507,0.07921992308971498,1.3708369266940716,0.9627821805905171,1.9518369964382332,
session_order_adjusted,prompt_code_pig,-0.17246741864689738,0.37355459089244825,-0.9196878532124897,0.5747530159186949,0.6459713265915666,0.8415857083662182,0.39864345693994496,1.7766916581625178,
session_order_adjusted,prompt_code_reincarnation,-0.2969934549648669,0.31423459664170256,-0.9255562342287942,0.33156932429906033,0.34838169338484776,0.7430488756270213,0.39631091605825897,1.3931527222667186,
session_order_adjusted,prompt_code_school,0.25626988316623134,0.3720846690763665,-0.4880102699921214,1.000550036324584,0.49364109590197597,1.292101397303788,0.6138465688110195,2.719777393474991,
session_order_adjusted,prompt_code_screen,-0.17669683556081542,0.2708367141428884,-0.7184509249823339,0.3650572538607031,0.5166279156272398,0.8380338080650357,0.4875068560346369,1.4405964854986313,
session_order_adjusted,prompt_code_shapeshifter,-0.4494805129545038,0.31686385241570525,-1.083302586816687,0.18434156090767945,0.16121000852846046,0.6379594772386162,0.33847583189955494,1.202426454835766,
session_order_adjusted,prompt_code_sideeffect,-0.44000337898643477,0.281457885447599,-1.0030029742360063,0.12299621626313667,0.12324130688846449,0.6440342448964876,0.36677636577010103,1.1308801419865129,
session_order_adjusted,prompt_code_stereotype,-0.08894555078325292,0.27279044217355375,-0.6346076781293196,0.4567165765628137,0.7455148758123147,0.9148953875555315,0.5301434343879137,1.5788813288554593,
session_order_adjusted,high_creative,0.11254062670774738,0.12113402911568025,-0.1297635079041598,0.3548447613196546,0.3565813962681762,1.1191177220578536,0.8783031181065885,1.425959273062684,
session_order_adjusted,high_argumentative,0.04228614885323708,0.18107821655553757,-0.31992421333703136,0.4044965110435055,0.8161492774181711,1.043192944510686,0.7262040715714427,1.4985478078110923,
session_order_adjusted,order_w,-0.07566599232296302,0.05619375572529916,-0.18807023951108032,0.036738254865154266,0.18319979828531538,0.9271258219916626,0.828556507784745,1.03742144528183,
extended_behavior,threshold_1,-1.3153130013451442,4.275921415396111,-9.868429295666118,7.23780329297583,0.7594449323396187,0.2683903035647476,5.178400212598941e-05,1391.0349160020826,
extended_behavior,threshold_2,-2.824595692279972,4.198177004645681,-11.22220001110308,5.573008626543135,0.5036482562707146,0.059332640625349584,1.337397356269622e-05,263.2248543840525,
extended_behavior,threshold_3,-3.8704878391324526,4.172265150235413,-12.21626073201435,4.4752850537494435,0.3572952902591637,0.02084819637797697,4.949318181339714e-06,87.81963015702466,
extended_behavior,threshold_4,-5.183450989914931,4.124973861743275,-13.434627221425757,3.0677252415958947,0.2137680632418126,0.005608617695405871,1.4635768495080254e-06,21.492955743180723,
extended_behavior,threshold_5,-6.474248444173454,4.139601109724674,-14.754683527963532,1.8061866396166257,0.12308200643601805,0.0015426578953131828,3.909510299248671e-07,6.087190465847984,
extended_behavior,threshold_6,-7.93460728895118,4.160043755701151,-16.255933752964218,0.3867191750618568,0.06126708632873089,0.0003581325857208156,8.712397322934397e-08,1.4721430187469768,
extended_behavior,understanding_w,-0.17553686024991136,0.12700274885689283,-0.42958018217817817,0.07850646167835548,0.1720496213218994,0.8390064706153029,0.6507822473677009,1.0816703445455482,
extended_behavior,understanding_b,0.7876922383861218,0.22051363041650093,0.3465993037395374,1.2287851730327062,0.0007055202987947727,2.1983173754366763,1.4142499271638773,3.4170758578987828,
extended_behavior,human10_w,0.28023165202283906,0.08939985769044474,0.10140531139625761,0.4590579926494205,0.0026633399716735695,1.3234363535390175,1.106725119174107,1.5825824782721973,
extended_behavior,human10_b,-0.0993505574507844,0.2788774177320591,-0.6571884487491833,0.4584873338476145,0.7229017471789927,0.9054252488158535,0.5183065332320046,1.5816796212875313,
extended_behavior,prompt_code_athletes,0.04539887414573887,0.3216725483287981,-0.598042023678133,0.6888397719696107,0.8882370145676877,1.0464451766006437,0.5498872489512878,1.9914037099772026,
extended_behavior,prompt_code_audiobook,0.031131809349568735,0.24865151148455567,-0.46624526751354184,0.5285088862126793,0.9007817405647923,1.0316214722806356,0.6273533957687223,1.6964008950113436,
extended_behavior,prompt_code_bee,0.32727033026109614,0.34171314537791064,-0.35625773019198087,1.010798390714173,0.3420402024299671,1.3871764222629344,0.7002921105547583,2.7477939526661714,
extended_behavior,prompt_code_dad,-0.20759393792342007,0.4136474399682657,-1.0350120111737164,0.6198241353268763,0.617601296584167,0.8125369101578946,0.3552221142648054,1.8586011508190365,
extended_behavior,prompt_code_dating,0.35743840445461,0.2820408697949662,-0.20672733311526842,0.9216041420244885,0.20993467954428055,1.4296625028943402,0.8132413637483853,2.5133188783723712,
extended_behavior,prompt_code_extremesports,-0.08145212156924755,0.2514283516304198,-0.584383705728212,0.4214794625897169,0.7470967448232251,0.9217768420260893,0.5574493087849186,1.5242149072668782,
extended_behavior,prompt_code_isolation,-0.10314853453582923,0.3616436540844785,-0.8265435481462902,0.6202464790746318,0.7764567437435387,0.9019929864213506,0.43755907744258,1.8593862851812801,
extended_behavior,prompt_code_mana,0.10667867790413268,0.39080702226676745,-0.6750517575639609,0.8884091133722262,0.7858134544108273,1.1125767015600168,0.5091300685935074,2.4312587160167425,
extended_behavior,prompt_code_mattdamon,-0.1833081171705693,0.4689037865590396,-1.1212553401588559,0.7546391058177172,0.697234392762906,0.8325116050950636,0.32587045947500604,2.126843819272662,
extended_behavior,prompt_code_news,-0.30552949293875237,0.18163708364543957,-0.6688577557517472,0.05779876987424243,0.09774988486123938,0.7367331760826391,0.5122934079121376,1.0595017705828127,
extended_behavior,prompt_code_obama,-0.6514851324600532,0.39361737787412215,-1.438837116128624,0.1358668512085175,0.10312165824723579,0.5212710450643068,0.23720343841206348,1.1455293575905239,
extended_behavior,prompt_code_pads,0.42004064424346094,0.17831327876215378,0.06336098109930305,0.7767203073876188,0.021777247532125968,1.5220234158517612,1.0654113631892834,2.1743294265855306,
extended_behavior,prompt_code_pig,0.09566604773294786,0.4009953810056422,-0.7064441395304167,0.8977762349963124,0.8122508631692317,1.1003915243828388,0.49339552752515003,2.454139608859479,
extended_behavior,prompt_code_reincarnation,-0.041170479371226976,0.3740005157687986,-0.7892828964957649,0.7069419377533109,0.9127122393642564,0.9596655128283081,0.454170365695322,2.0277806877647317,
extended_behavior,prompt_code_school,0.34423025857711687,0.38107801970055505,-0.41803927424741083,1.1064997914016446,0.36997565080085176,1.410903470733815,0.6583363722515262,3.023756073085647,
extended_behavior,prompt_code_screen,-0.08611040027962928,0.2543812147417006,-0.5949485900887949,0.4227277895295363,0.7361611816385472,0.9174929341521533,0.5515909223792618,1.5261188138994226,
extended_behavior,prompt_code_shapeshifter,-0.26379580486276427,0.38730507138556053,-1.0385212956103786,0.5109296858848502,0.4984247917711974,0.7681303721306991,0.35397772356517904,1.6668401125558494,
extended_behavior,prompt_code_sideeffect,-0.31213003190659444,0.3246109287571426,-0.961448565701533,0.3371885018883441,0.3401342872951621,0.7318863534626174,0.38233864199945033,1.401003130584895,
extended_behavior,prompt_code_stereotype,-0.019377202380974567,0.26820468744560805,-0.5558664545324399,0.5171120497704906,0.9426449942901425,0.9808093288443318,0.5735750691120471,1.677177045085524,
extended_behavior,high_creative,0.11973294070814294,0.13261352228102802,-0.145533599080237,0.3849994804965229,0.3702047469324007,1.1271957832719557,0.8645608411368764,1.4696135579715925,
extended_behavior,high_argumentative,0.06234673028949826,0.18108071140151566,-0.29986862233574635,0.4245620829147429,0.7318218641886501,1.0643313166630128,0.7409155540427624,1.5289207325295835,
extended_behavior,log_query_w,-0.03843148736673761,0.3063008793372131,-0.6511244691860179,0.5742614944525426,0.9005711588408141,0.962297632026118,0.5214590822931024,1.7758185906570847,
extended_behavior,log_query_b,-1.148043406880158,0.5943788155331258,-2.336978057042485,0.04089124328216931,0.0581483810898161,0.3172569051823958,0.09661917514055085,1.0417388032913177,
extended_behavior,log_time_w,0.5397579590555042,0.4232968753735043,-0.3069618588195583,1.3864777769305667,0.2071792167776723,1.7155915685242362,0.7356786600246651,4.000733730529538,
extended_behavior,log_time_b,2.7280064853863992,1.1251531843239513,0.47736502135078984,4.978647949422008,0.01835555889289055,15.30235113254589,1.6118216860163335,145.27782583845664,
ideation_adjusted,threshold_1,-0.2639251460771203,2.0110704184382575,-4.286664923996474,3.7588146318422333,0.8960275564864526,0.768031027640391,0.013750708567761288,42.89754644362957,
ideation_adjusted,threshold_2,-1.7710211412178305,1.9336379430317103,-5.638872907228295,2.0968306247926343,0.3633853561853613,0.17015914356515005,0.003556875076040975,8.140329227152144,
ideation_adjusted,threshold_3,-2.8123047730121606,1.8909477447907412,-6.594763428459858,0.9701538824355365,0.14218648748731566,0.060066393331750415,0.0013675103864867662,2.638350423906974,
ideation_adjusted,threshold_4,-4.111015103681299,1.8549188823749876,-7.821405304109113,-0.40062490325348543,0.03047577846758554,0.01639112738468593,0.0004010576785937423,0.6699012917120918,
ideation_adjusted,threshold_5,-5.374596964365589,1.9055711420832573,-9.186306769567956,-1.562887159163222,0.006490752310401218,0.004632785534971404,0.00010243247370903066,0.20953024988937724,
ideation_adjusted,threshold_6,-6.798529340588987,1.9551752356760685,-10.709462106168045,-2.8875965750099284,0.0009487561921820916,0.0011154143367966213,2.2332621381986836e-05,0.05570994651505436,
ideation_adjusted,understanding_w,-0.0842027182254477,0.09016674974272802,-0.2645630713539314,0.09615763490303605,0.35412151054936547,0.9192448895130575,0.767541237475857,1.1009325957192666,
ideation_adjusted,understanding_b,0.4085482295153328,0.3697099457549854,-0.3309817697553748,1.1480782287860405,0.27354926851433164,1.5046318186713707,0.7182182622158385,3.1521294136600018,
ideation_adjusted,human10_w,0.2821098357416107,0.07991716718772172,0.12225170027446142,0.44196797120875997,0.0008049246489654961,1.3259243458730305,1.130038496987485,1.5557659103345525,
ideation_adjusted,human10_b,0.302787687540889,0.16064416024819686,-0.01854847632288903,0.624123851404667,0.06429798712028523,1.3536270420456742,0.9816224879897062,1.8666098132182727,
ideation_adjusted,prompt_code_athletes,-0.012499544483148571,0.31863571497682835,-0.649865871167255,0.6248667822009578,0.9688385908949099,0.9875782503523141,0.5221158028478461,1.8679970903948313,
ideation_adjusted,prompt_code_audiobook,-0.06378325760475168,0.23653511650387724,-0.5369239359773467,0.4093574207678433,0.7883496961290033,0.9382083270151297,0.58454358316797,1.505849846319485,
ideation_adjusted,prompt_code_bee,0.2137156778827117,0.3708102504523345,-0.5280152584776554,0.9554466142430789,0.5665359822855686,1.238270537037525,0.5897743584853234,2.599831445424492,
ideation_adjusted,prompt_code_dad,-0.31638388705567083,0.3767280865472707,-1.0699522580677763,0.43718448395643456,0.40434316769109224,0.7287796273954964,0.34302489369901196,1.548341694911364,
ideation_adjusted,prompt_code_dating,0.32041226934674505,0.28262006308013876,-0.2449120272899894,0.8857365659834795,0.2614212779493204,1.3776956289482876,0.7827733979100763,2.4247697367984165,
ideation_adjusted,prompt_code_extremesports,-0.20099640680318184,0.2720966996831279,-0.7452708425566109,0.34327802895024717,0.46297226627065197,0.817915370479486,0.4746057390990651,1.4095606061075394,
ideation_adjusted,prompt_code_isolation,-0.1601933652729658,0.3771486242550634,-0.9146029369460438,0.5942162064001122,0.6725392451264985,0.851979029879708,0.400675688022253,1.8116104596654605,
ideation_adjusted,prompt_code_mana,0.06861825789189062,0.398073265643066,-0.7276468283760384,0.8648833441598196,0.8637221085876093,1.0710272748898402,0.4830443399636587,2.3747290438063264,
ideation_adjusted,prompt_code_mattdamon,-0.2772476107129186,0.5039502224024796,-1.2852981429882004,0.7308029215623634,0.5842596590555988,0.7578668179326941,0.2765681144946904,2.076747403701355,
ideation_adjusted,prompt_code_news,-0.30985055161023317,0.18901208928259808,-0.6879310221365791,0.06822991891611269,0.10638092713814097,0.7335565768819877,0.5026148931312004,1.0706114340037172,
ideation_adjusted,prompt_code_obama,-0.6537808985356264,0.38358541158170434,-1.4210659618789532,0.11350416480770043,0.09348121091582766,0.5200757013226839,0.24145649624739784,1.1201965542859005,
ideation_adjusted,prompt_code_pads,0.3125558695059387,0.16905886220585514,-0.0256122043566423,0.6507239433685197,0.06941552173007799,1.366914307867533,0.9747130057840572,1.9169280741770702,
ideation_adjusted,prompt_code_pig,0.04448860282417619,0.4077339671979067,-0.7711007637230305,0.8600779693713829,0.9134778875757549,1.0454930609743143,0.46250368073146103,2.363344955042837,
ideation_adjusted,prompt_code_reincarnation,-0.13157113882333013,0.38888638770047296,-0.9094597331515795,0.6463174555049191,0.7362971062762514,0.8767169043103632,0.4027417532841977,1.9084997372029495,
ideation_adjusted,prompt_code_school,0.27715175206020454,0.3808112223024672,-0.484584106510009,1.0388876106304181,0.46957098503332606,1.3193665724396195,0.6159533144753778,2.826071573222542,
ideation_adjusted,prompt_code_screen,-0.1533488581270652,0.25516114247267296,-0.6637471356778234,0.35704941942369295,0.5501115483785625,0.8578304084958406,0.514918246449558,1.4291064937280828,
ideation_adjusted,prompt_code_shapeshifter,-0.329761651180071,0.3429759164606788,-1.0158156298797119,0.3562923275195698,0.3401738969026418,0.7190951084781173,0.3621069640939611,1.428024938241664,
ideation_adjusted,prompt_code_sideeffect,-0.34188974559435703,0.3047450220460947,-0.951470549462848,0.267691058274134,0.26637988290927817,0.7104265280459542,0.38617271961206784,1.3069433083166366,
ideation_adjusted,prompt_code_stereotype,-0.05411508462493106,0.25577840414897635,-0.5657480693624117,0.45751790011254956,0.8331593835277668,0.9473230779070517,0.5679351329346651,1.5801470306971281,
ideation_adjusted,high_creative,0.12670479768673154,0.1145873257714683,-0.10250398048437503,0.3559135758578381,0.27324934631538417,1.1350818895190657,0.9025745570618535,1.4274841738374837,
ideation_adjusted,high_argumentative,0.09254792967069904,0.18407882874415402,-0.2756645505451683,0.46076040988656636,0.6169717702233021,1.0969657175059282,0.7590675168431784,1.5852789886039897,
ideation_adjusted,ideation_w,-0.10507284542100771,0.07045111268540755,-0.24599605268410968,0.03585036184209424,0.141088068825904,0.9002589404560822,0.7819253114255924,1.036500734825274,
ideation_adjusted,ideation_b,0.36731199260106767,0.275566501249394,-0.18390307966818514,0.9185270648703205,0.18759290971970652,1.4438483188433762,0.8320164392283691,2.505597088634739,
fluency_adjusted,threshold_1,-2.1883842502568935,2.0696847385443515,-6.328370125023314,1.951601624509527,0.2945898106122458,0.11209772424144376,0.0017849406296154616,7.03995391870143,
fluency_adjusted,threshold_2,-3.6947687903205564,2.0170894024035455,-7.729548328756414,0.34001074811530163,0.07195636011390383,0.02485319929848395,0.0004396426462042716,1.4049626911834414,
fluency_adjusted,threshold_3,-4.734390250567129,1.9657469417466125,-8.666469576774071,-0.8023109243601869,0.019109472387633795,0.008787805557919687,0.00017226620454299012,0.44829179773640415,
fluency_adjusted,threshold_4,-6.028198735665987,1.9750976220531795,-9.978982207324506,-2.0774152640074677,0.003383302463397375,0.0024098308138495996,4.63642343526819e-05,0.12525354149503198,
fluency_adjusted,threshold_5,-7.2872379450822695,2.010018254466392,-11.307873081700299,-3.2666028084642402,0.0005961058258594852,0.0006842152854303421,1.2275893684241991e-05,0.038135761750484054,
fluency_adjusted,threshold_6,-8.71563350339401,2.0604257854758408,-12.837098714503355,-4.594168292284664,8.110297694496827e-05,0.00016400174279561494,2.6602280267482107e-06,0.010110626370956879,
fluency_adjusted,understanding_w,-0.18430669737492972,0.12800872175687042,-0.4403622647040271,0.07174886995416768,0.15512197553829715,0.8316806904228334,0.6438031516748627,1.0743854997024365,
fluency_adjusted,understanding_b,0.43882017597903966,0.26247169611663235,-0.08620138610344885,0.9638417380615282,0.09975656593174621,1.550876377484904,0.9174094590992716,2.6217492248250656,
fluency_adjusted,human10_w,0.28563701526488994,0.08017303664745168,0.12526706467472287,0.446006965855057,0.0007264947403406631,1.330609376690391,1.1334511174035347,1.5620623475957494,
fluency_adjusted,human10_b,0.29868562652275765,0.14943857406874572,-0.00023602771187114513,0.5976072807573864,0.05017545352747406,1.348085754443566,0.9997640001404778,1.8177641934279718,
fluency_adjusted,prompt_code_athletes,0.05747163616265745,0.32572350367569114,-0.5940723788186815,0.7090156511439965,0.8605401300328835,1.059155228522057,0.552074444364714,2.0319900867653917,
fluency_adjusted,prompt_code_audiobook,0.010038720145897769,0.2412490107037093,-0.4725311505278269,0.4926085908196225,0.9669466115684864,1.01008927713117,0.6234222938815019,1.6365798236424656,
fluency_adjusted,prompt_code_bee,0.21206622440177442,0.36200781622323025,-0.5120572219416917,0.9361896707452406,0.5602032894139665,1.2362297509434266,0.5992614959580438,2.550245606343187,
fluency_adjusted,prompt_code_dad,-0.2880064148378589,0.3835556390116796,-1.0552319241742094,0.4792190944984917,0.45565641965157816,0.7497567826554207,0.348111682428735,1.6148128934250499,
fluency_adjusted,prompt_code_dating,0.29438398609236405,0.25351127440208154,-0.21271406395017922,0.8014820361349073,0.25014887119372653,1.3422992289574778,0.8083872512303419,2.228841705899743,
fluency_adjusted,prompt_code_extremesports,-0.11901486015382526,0.2752038285842321,-0.6695044790808505,0.4314747587732001,0.6669569745179272,0.8877946078994877,0.5119622029244351,1.539526280090914,
fluency_adjusted,prompt_code_isolation,-0.1551864416034688,0.3607791750643371,-0.8768522397127639,0.5664793565058263,0.6686330703847988,0.8562555209484611,0.4160906059330507,1.7620525594675134,
fluency_adjusted,prompt_code_mana,0.09254363959925563,0.3755477712229658,-0.6586637492403526,0.8437510284388638,0.8061958657197489,1.0969610114547237,0.5175424391217476,2.3250720514703502,
fluency_adjusted,prompt_code_mattdamon,-0.32321156135395934,0.4893417774651663,-1.3020408530381185,0.6556177303301998,0.5114592745023354,0.7238207056797972,0.2719761628688243,1.9263321036832464,
fluency_adjusted,prompt_code_news,-0.28579951778656604,0.1846022911832473,-0.655059078779258,0.08346004320612588,0.12683530813282934,0.7514132458378037,0.5194113754905822,1.0870417797207852,
fluency_adjusted,prompt_code_obama,-0.7027094502926703,0.37122708256677645,-1.4452741750237013,0.03985527443836068,0.06319238730307067,0.4952416516959903,0.235681449729672,1.040660153168152,
fluency_adjusted,prompt_code_pads,0.34640537458917703,0.1660259652927833,0.014303997816207392,0.6785067513621467,0.0411959554131392,1.4139756894693063,1.014406789518966,1.970932441568422,
fluency_adjusted,prompt_code_pig,0.015136486951011226,0.38621506105915593,-0.7574086585147229,0.7876816324167454,0.9688675391903456,1.0152516237583824,0.46887988198256264,2.198294060273553,
fluency_adjusted,prompt_code_reincarnation,-0.1429246910113438,0.36345394889250315,-0.8699408333835001,0.5840914513608126,0.6955359343292449,0.8668193457257664,0.4189763379266092,1.7933608896454238,
fluency_adjusted,prompt_code_school,0.29106412156925704,0.3605899227256113,-0.4302231154990737,1.0123513586375879,0.42274611933129097,1.3378503662646735,0.6503639722521337,2.7520645036909164,
fluency_adjusted,prompt_code_screen,-0.15712752668993119,0.2704257177430784,-0.6980595009080541,0.3838044475281917,0.5633913993510661,0.8545950681879482,0.49754986268264323,1.4678583702815702,
fluency_adjusted,prompt_code_shapeshifter,-0.24755686566732704,0.33744077754422774,-0.9225389180478444,0.4274251867131903,0.46603097130141347,0.7807058241909373,0.3975085172601113,1.5333044638306976,
fluency_adjusted,prompt_code_sideeffect,-0.310290627114703,0.28765641583439383,-0.8856891291966694,0.2651078749672634,0.2850456958810423,0.7332338276235894,0.4124298578686407,1.3035715909365024,
fluency_adjusted,prompt_code_stereotype,-0.058240509849767745,0.26381815324827024,-0.5859553872001071,0.46947436750057164,0.8260287754203529,0.9434230176202291,0.5565738641750262,1.599153405262604,
fluency_adjusted,high_creative,0.13654756575301571,0.1163833323334405,-0.09625376043232717,0.3693488919383586,0.24532938181418462,1.1463094015488986,0.908233513094739,1.4467922897955499,
fluency_adjusted,high_argumentative,0.0767472290116452,0.19436672707542096,-0.31204411182935954,0.46553856985264996,0.6943480047851758,1.0797691075902363,0.731949239896199,1.5928718306634988,
fluency_adjusted,fluency_w,0.04088559772467943,0.09066571715628977,-0.14047283883440795,0.2222440342837668,0.653651994869682,1.0417329221116156,0.8689472662328445,1.2488761092671548,
fluency_adjusted,fluency_b,0.6276036099678917,0.32274863135127635,-0.01798977438214988,1.2731969943179333,0.056520127580671625,1.8731164789472978,0.9821710756130341,3.572254804504408,
within_interaction,threshold_1,0.04676688843675675,1.9817139090851243,-3.9172511277615834,4.010784904635097,0.9812506109212178,1.0478777081954362,0.019895710410245716,55.19017258953753,
within_interaction,threshold_2,-1.4633887951027786,1.9121036377955873,-5.288165537250836,2.361387947045279,0.447075614447016,0.23145060556705335,0.005051017669668348,10.605661338118644,
within_interaction,threshold_3,-2.510000353446694,1.875967659089431,-6.262494376092473,1.2424936691990855,0.18595319838259258,0.08126821051690629,0.0019064843716717354,3.4642413747293954,
within_interaction,threshold_4,-3.8193949781256182,1.8406022374220834,-7.501147624835586,-0.13764233141565008,0.042275244090923494,0.021941071707621104,0.0005524500008670723,0.8714103121067888,
within_interaction,threshold_5,-5.092353034095992,1.900417281613009,-8.893753583424754,-1.290952484767229,0.00949998905534734,0.00614354689081534,0.00013724353487434485,0.2750087166889364,
within_interaction,threshold_6,-6.518500255249195,1.9541037700684867,-10.427289770507043,-2.6097107399913457,0.0014632556423696387,0.0014758808879970602,2.9613217163389626e-05,0.07355581744248639,
within_interaction,understanding_w,-0.13663668916642535,0.09033204458532294,-0.31732768120854193,0.044054302875691204,0.13562983194300157,0.8722870799165388,0.7280921339216213,1.0450391019761118,
within_interaction,understanding_b,0.37776427613245506,0.36670085423348747,-0.3557466439215587,1.1112751961864689,0.30706506858465565,1.4590189767408568,0.7006501117146938,3.0382302648611614,
within_interaction,human10_w,0.28196605817083503,0.08106803584421649,0.11980584263667479,0.44412627370499524,0.0009459842629220344,1.3257337213956393,1.1272779610138106,1.559127349979299,
within_interaction,human10_b,0.30265877556355536,0.16134734082737268,-0.020083958881230768,0.6254015100083414,0.06554711590161184,1.3534525545541172,0.9801163803774201,1.8689962274925647,
within_interaction,prompt_code_athletes,-0.009708712436188793,0.3107289030472729,-0.6312590604385291,0.6118416355661516,0.975177887758413,0.9903382649594654,0.5319216577043524,1.843823925642912,
within_interaction,prompt_code_audiobook,-0.08158756306973579,0.24481384131024286,-0.5712881566415593,0.40811303050208775,0.7400970531546986,0.92165200364183,0.5647974223499228,1.5039771468551848,
within_interaction,prompt_code_bee,0.2425739715741062,0.3586341077358465,-0.47480105302993514,0.9599489961781476,0.5013967391582987,1.274525524335807,0.6220087909206218,2.6115632703184173,
within_interaction,prompt_code_dad,-0.3089456923935012,0.3721816639725479,-1.053419864231432,0.43552847944442974,0.4097764842710505,0.7342206427093061,0.3487430535324579,1.545779755955179,
within_interaction,prompt_code_dating,0.3347459723054264,0.27878204308002236,-0.22290114128422805,0.8923930858950808,0.23456939244690786,1.397585314750034,0.8001939515309339,2.440964104100008,
within_interaction,prompt_code_extremesports,-0.18083568875278425,0.2685387705243163,-0.7179932065589614,0.35632182905339294,0.5032746673064816,0.8345724770750352,0.4877300479798003,1.42806706778912,
within_interaction,prompt_code_isolation,-0.1450113644262706,0.37547087772622595,-0.8960649433718231,0.6060422145192819,0.7007058302979673,0.8650124626845275,0.4081726863066062,1.833161761435189,
within_interaction,prompt_code_mana,0.07618885841541224,0.3882787191549377,-0.7004842178446964,0.8528619346755208,0.8450994384014507,1.0791663645624892,0.496344906532918,2.3463523591649507,
within_interaction,prompt_code_mattdamon,-0.27016069145082255,0.49027373237454214,-1.2508541705104217,0.7105327876087765,0.5836520842906172,0.7632568356337465,0.28626017739985543,2.0350752327240538,
within_interaction,prompt_code_news,-0.26189761279811036,0.18472789818299754,-0.6314084251988323,0.10761319960261168,0.1614369795997291,0.7695898158216997,0.5318422132866952,1.113616914603973,
within_interaction,prompt_code_obama,-0.6446894674024913,0.37221974718550765,-1.3892398170083609,0.0998608822033783,0.0884097653192163,0.5248254922279615,0.24926471942771813,1.1050171798267456,
within_interaction,prompt_code_pads,0.37187290388928046,0.17327074591218317,0.02527980822235415,0.7184659995562068,0.03591136969036452,1.4504486231990015,1.025602052266714,2.0512841251538108,
within_interaction,prompt_code_pig,0.04478427738152656,0.3900832600982591,-0.7354984181972434,0.8250669729602965,0.9089814683671396,1.0458022323771372,0.47926652427811023,2.282033594756864,
within_interaction,prompt_code_reincarnation,-0.13383339019253276,0.3749188169380093,-0.883782683145796,0.6161159027607306,0.7223694512830017,0.8747357920250821,0.41321688311465016,1.851721788524908,
within_interaction,prompt_code_school,0.28474877530551285,0.38196496409580327,-0.4792949104610776,1.0487924610721033,0.45888971633290143,1.329428001021903,0.6192198433531905,2.8542024756997595,
within_interaction,prompt_code_screen,-0.16298124205306,0.24880804847816765,-0.6606714395235572,0.3347089554174373,0.5149403691124791,0.849607125150493,0.5165044165581577,1.3975335814484913,
within_interaction,prompt_code_shapeshifter,-0.32350445087377694,0.3362147435345431,-0.9960340700950068,0.34902516834745284,0.3398130749992692,0.7236087372240615,0.3693413221913322,1.4176848706783807,
within_interaction,prompt_code_sideeffect,-0.33047216188149137,0.3052433294058152,-0.9410497288763251,0.2801054051133423,0.2832949940365706,0.7185843651739825,0.390217997186965,1.3232692843356746,
within_interaction,prompt_code_stereotype,-0.0205660541435654,0.24767077812837215,-0.5159813722103254,0.47484926392319454,0.9340978429480118,0.9796439847928895,0.5969145117687746,1.6077718300014272,
within_interaction,high_creative,0.13349554900482716,0.11667644062508206,-0.09989208105790068,0.36688317906755497,0.2571048091299286,1.1428161794544907,0.9049350724021691,1.4432293098731137,
within_interaction,high_argumentative,0.08444625517472915,0.1886858631263388,-0.2929816658817672,0.4618741762312255,0.656090065392678,1.088114362144195,0.746035818480738,1.5870456026033803,
within_interaction,ideation_w,-0.10710902814181802,0.06800796574555362,-0.24314521390226937,0.02892715761863332,0.12052701409007878,0.8984277137460578,0.7841576349131998,1.0293496114672354,
within_interaction,ideation_b,0.360645041770998,0.2645060118310225,-0.1684457576042746,0.8897358411462706,0.17782983815001677,1.4342542701575103,0.8449770957579043,2.4344864751865782,
within_interaction,understanding_w:ideation_w,-0.06171013391812283,0.03542053607024561,-0.1325617550740127,0.009141487237767018,0.08659515082852516,0.9401553664503042,0.8758488443258559,1.0091833982445233,0.08659515082852516
ideation_outcome,threshold_1,-7.969448308356745,2.1505776046879577,-12.271244007086711,-3.6676526096267787,0.00046152974552773126,0.0003458697467176091,4.684534498979521e-06,0.025536343412683266,
ideation_outcome,threshold_2,-9.387771374157577,1.9782022623836995,-13.344765051107373,-5.43077769720778,1.3293723523752243e-05,8.374187774113514e-05,1.601187444592681e-06,0.00437968840643461,
ideation_outcome,threshold_3,-10.59230213946093,1.8870005018709786,-14.366865133493265,-6.817739145428595,5.378993027454262e-07,2.5108549822210656e-05,5.761688173623234e-07,0.0010941919367670038,
ideation_outcome,threshold_4,-11.690298225762131,1.806641158955545,-15.304118601182227,-8.076477850342036,1.984667647476951e-08,8.374675512648488e-06,2.2568658297182686e-07,0.0003107636662251623,
ideation_outcome,threshold_5,-13.166911093799717,1.7974422574995228,-16.76233092667241,-9.571491260927026,6.96176296837394e-10,1.912859923229136e-06,5.2506391774573874e-08,6.968738399708615e-05,
ideation_outcome,threshold_6,-14.717743984971571,1.840875125313532,-18.40004248873646,-11.035445481206684,4.9980189217155627e-11,4.056626293523067e-07,1.0208526966970857e-08,1.6120069955779005e-05,
ideation_outcome,understanding_w,1.2225369146694633,0.10344791240301016,1.0156102807978002,1.4294635485411264,2.6383381803528328e-17,3.3957916489559783,2.7610478978287114,4.176458123811419,5.2766763607056656e-17
ideation_outcome,understanding_b,2.178341052864871,0.2578176878027604,1.6626288934762568,2.694053212253485,8.426783772560587e-12,8.831642870552331,5.273155202112958,14.791507703343148,
ideation_outcome,human10_w,-0.1397055165895305,0.06179666783396892,-0.2633172566655573,-0.01609377651350377,0.02741606569682503,0.8696142846761676,0.7684980475036789,0.984035036353456,
ideation_outcome,human10_b,0.15911810056476908,0.13384898326818645,-0.10861972914540749,0.4268559302749456,0.23920680446983988,1.1724764086303772,0.8970714827849207,1.5324318687816114,
ideation_outcome,prompt_code_athletes,-0.07850297485533857,0.42017483774673775,-0.9189777876653333,0.7619718379546563,0.8524210511596179,0.9244993096757554,0.3989266204447444,2.1424967144034786,
ideation_outcome,prompt_code_audiobook,-0.6563519902951377,0.2895227567703571,-1.2354837300864476,-0.07722025050382786,0.027006155154081005,0.5187402564839657,0.290694110864534,0.9256859483556908,
ideation_outcome,prompt_code_bee,0.42424513488765647,0.36444315429083624,-0.3047497128883103,1.1532399826636233,0.24899505412102738,1.5284362209063944,0.7373078899619345,3.1684419944281736,
ideation_outcome,prompt_code_dad,0.10360529886982271,0.38200504683804104,-0.6605185643187663,0.8677291620584118,0.7871570134779822,1.1091625807823744,0.51658338331249,2.381496715436593,
ideation_outcome,prompt_code_dating,0.3798511619300865,0.34051129905170047,-0.30127284793427644,1.0609751717944493,0.2690706393522763,1.4620669620142932,0.7398758716006176,2.88918706970295,
ideation_outcome,prompt_code_extremesports,-0.021579160485373818,0.2983364813713279,-0.6183409743998389,0.5751826534290914,0.9425785828472021,0.9786520038351272,0.5388376419076503,1.777455155545086,
ideation_outcome,prompt_code_isolation,0.6571226330343305,0.4143704007572735,-0.17174157710761995,1.4859868431762808,0.11803379009786757,1.9292332284828886,0.8421967879788671,4.419324441754938,
ideation_outcome,prompt_code_mana,0.6931347350084517,0.3461391546880338,0.0007533377721204992,1.3855161322447829,0.04975909491329508,1.9999751090519038,1.0007536216022888,3.9968882954657765,
ideation_outcome,prompt_code_mattdamon,0.38238261915175453,0.4206976109762808,-0.4591378958107025,1.2239031341142117,0.36702629486027843,1.4657728106034251,0.6318281124422437,3.4004342161977816,
ideation_outcome,prompt_code_news,0.09085872796059331,0.30570597944899264,-0.5206442769079629,0.7023617328291496,0.7673331150121241,1.0951142853014528,0.5941376354739126,2.0185142739101396,
ideation_outcome,prompt_code_obama,0.8788809470875945,0.39160230251974854,0.09555971426157195,1.662202179913617,0.028512383142493165,2.408203291076335,1.1002745221529155,5.270905555281855,
ideation_outcome,prompt_code_pads,-0.0626012816822893,0.3538310445550034,-0.7703687494666933,0.6451661861021147,0.8601637959516112,0.9393179222961866,0.46284236396471895,1.9063038041480604,
ideation_outcome,prompt_code_pig,0.6147454942972587,0.34790781415233335,-0.08117374861339588,1.3106647372079132,0.08231760213819372,1.8491859113045894,0.9220334754884904,3.7086381627909453,
ideation_outcome,prompt_code_reincarnation,0.5737394873813645,0.3727162047464979,-0.17180392520247645,1.3192828999652053,0.12897728224621327,1.7748918427011695,0.8421442802505378,3.7407379319253424,
ideation_outcome,prompt_code_school,-0.3798691833225209,0.39092314602166106,-1.1618319008846123,0.40209353423957045,0.3350893603677854,0.6839508755414816,0.3129124309574825,1.4949511552563433,
ideation_outcome,prompt_code_screen,-0.34346063427263757,0.4057587007535817,-1.1550988796533632,0.46817761110808803,0.400656751272276,0.7093114031541456,0.31502638566351215,1.5970810368306776,
ideation_outcome,prompt_code_shapeshifter,0.02017628935188988,0.36032596004115686,-0.7005829437336336,0.7409355224374133,0.9555321990295368,1.0203812065135938,0.49629590685960906,2.0978972266653466,
ideation_outcome,prompt_code_sideeffect,0.42699049586677573,0.2963450426593585,-0.16578784752946218,1.0197688392630138,0.15482389795662596,1.5326380952581562,0.8472259562042034,2.772553784306373,
ideation_outcome,prompt_code_stereotype,0.15610655747193664,0.3726006020844534,-0.5892056153587977,0.9014187303026708,0.6767379182586163,1.1689507568911548,0.5547678087652956,2.4630951011335678,
ideation_outcome,high_creative,0.22020727904538942,0.10776858227550673,0.0046380186381286825,0.43577653945265016,0.04541811750593296,1.2463350429530244,1.0046487908941084,1.546163249656907,
ideation_outcome,high_argumentative,0.14326931732743378,0.13241576560237092,-0.12160165020733962,0.4081402848622072,0.28359715624645154,1.154040562937595,0.8855010374098233,1.5040181373485388,
all_queries_included,threshold_1,-1.2675242081665095,1.8109224826909405,-4.889908506129855,2.354860089796836,0.4866742739882734,0.2815277638099568,0.007522110670526859,10.536654573081883,
all_queries_included,threshold_2,-2.7723129666243898,1.7352553344722634,-6.243340432807885,0.6987144995591059,0.11537685681362557,0.06251723710246664,0.0019433530281058541,2.0111656906390665,
all_queries_included,threshold_3,-3.808959084386734,1.6867520409798584,-7.182965518236854,-0.43495265053661436,0.027585084340546354,0.02217124534531825,0.0007594124481334523,0.6472953154382752,
all_queries_included,threshold_4,-5.095535986822965,1.6636797973541675,-8.423391061999633,-1.767680911646297,0.0032805107315227477,0.0061240233592080645,0.00021966847895275271,0.17072846447028234,
all_queries_included,threshold_5,-6.344636634723035,1.711800950383727,-9.768748347497546,-2.920524921948525,0.00046051621912056545,0.0017561407473653946,5.721191669218421e-05,0.0539053837533536,
all_queries_included,threshold_6,-7.759943209213156,1.7614474445492625,-11.28336269613763,-4.236523722288681,4.4270650651108175e-05,0.0004264808001781412,1.2580498310642839e-05,0.014457763788793336,
all_queries_included,understanding_w,-0.1661968158145147,0.12513903739040097,-0.4165121597554948,0.08411852812646545,0.1891760900824464,0.8468795384995982,0.6593424953031636,1.0877578160642047,
all_queries_included,understanding_b,0.8901601977877491,0.1991937557824112,0.49171336193735155,1.2886070336381468,3.5480238672461575e-05,2.4355197849213313,1.6351153657265163,3.62772972909324,
all_queries_included,human10_w,0.2872719363764702,0.08089484058395933,0.12545816294418552,0.44908570980875484,0.0007533720453535486,1.3327865973586563,1.1336677386479044,1.5668789483393393,
all_queries_included,human10_b,0.34642624115743276,0.15521537537154856,0.03594926385859831,0.6569032184562672,0.02936729971006428,1.4140051945973768,1.0366032519075457,1.9288099730239823,
all_queries_included,prompt_code_athletes,0.02305444005821198,0.3180697955225801,-0.6131798791741261,0.6592887592905501,0.942459150526858,1.023322247753562,0.5416258231341021,1.9334167205837365,
all_queries_included,prompt_code_audiobook,-0.0029663792499286454,0.2338598688880047,-0.470755765643145,0.46482300714328767,0.9899216434733209,0.9970380161058271,0.6245300914914181,1.5917324386825058,
all_queries_included,prompt_code_bee,0.18888566941715348,0.3663894794716013,-0.5440024083788292,0.9217737472131361,0.6080754146156273,1.207902844351844,0.5804205172665732,2.5137451864458775,
all_queries_included,prompt_code_dad,-0.33362752930468736,0.3747542525144296,-1.083247644399883,0.4159925857905084,0.3768838630471348,0.7163205409541761,0.33849442909067184,1.5158746298168362,
all_queries_included,prompt_code_dating,0.26773815275655993,0.2620984942774725,-0.2565368944998854,0.7920132000130053,0.31111062378596965,1.307004859584653,0.7737264477825271,2.2078367721223917,
all_queries_included,prompt_code_extremesports,-0.16305786616234805,0.27832929547956753,-0.7197993497128905,0.39368361738819435,0.5601769199177521,0.8495420272553496,0.48684993273899035,1.4824314589359466,
all_queries_included,prompt_code_isolation,-0.17473336051350946,0.3609499921112169,-0.8967408435896411,0.5472741225626223,0.6300822029956781,0.8396808830020852,0.40789689551305225,1.7285348161140892,
all_queries_included,prompt_code_mana,0.026468179024581276,0.38336767949503714,-0.7403813553000025,0.7933177133491651,0.9451863782214712,1.0268215722777991,0.4769320002900189,2.2107188040515235,
all_queries_included,prompt_code_mattdamon,-0.3235563362042297,0.49402739392455136,-1.3117582562868908,0.6646455838784315,0.5150120356511576,0.7235711935196043,0.2693460603995415,1.9438014846578984,
all_queries_included,prompt_code_news,-0.27284769855995694,0.1814383927442511,-0.6357785203960504,0.09008312327613655,0.1378778088226379,0.7612087119839955,0.5295230832850166,1.0942652388365282,
all_queries_included,prompt_code_obama,-0.7089864927205475,0.37467022508112474,-1.458438527923914,0.040465542482819084,0.06327942656317255,0.49214273502704386,0.23259918845388883,1.0412954286292122,
all_queries_included,prompt_code_pads,0.3389793008987801,0.16900784593152843,0.0009132747786220752,0.677045327018938,0.04940369891329735,1.403514293427631,1.0009136919410178,1.9680541766150028,
all_queries_included,prompt_code_pig,-0.001435178259135678,0.389732578736216,-0.7810164066731897,0.7781460501549184,0.9970740377227464,0.9985658511166773,0.4579403210817194,2.1774316720156985,
all_queries_included,prompt_code_reincarnation,-0.15653279877802512,0.37930250887837064,-0.9152507811719746,0.6021851836159244,0.6813077388728195,0.8551034708940315,0.40041619665536454,1.8261048180435124,
all_queries_included,prompt_code_school,0.28672130269007995,0.37395680429441297,-0.4613036784674473,1.0347462838476071,0.44625256803061253,1.3320529221730546,0.6304611908361348,2.8143920883005706,
all_queries_included,prompt_code_screen,-0.13582014298146355,0.2688295922694161,-0.6735593908909583,0.4019191049280311,0.6152498327461116,0.8729996334806922,0.5098904445788665,1.4946904146966062,
all_queries_included,prompt_code_shapeshifter,-0.3306901964870668,0.3518067741803517,-1.0344085206498872,0.3730281276757535,0.3509984350066002,0.718427705994531,0.35543655214372455,1.452125184164678,
all_queries_included,prompt_code_sideeffect,-0.34837491096614226,0.2989147590947662,-0.9462934525513205,0.24954363061903595,0.24844291168707047,0.705834201620315,0.3881771573132386,1.2834395604967674,
all_queries_included,prompt_code_stereotype,-0.07107033853397782,0.2602351714755823,-0.5916181852480926,0.449477508180137,0.7857138331306873,0.9313963767677979,0.5534310058679317,1.567492969237791,
all_queries_included,high_creative,0.11909745854088151,0.1189941434558225,-0.11892626744625269,0.3571211845280157,0.32090998571960905,1.1264796980064808,0.8878732635116752,1.4292090573848955,
all_queries_included,high_argumentative,0.08359495900792066,0.18370111433678707,-0.28386197990154716,0.4510518979173884,0.650708723837543,1.0871884487278416,0.7528705488028725,1.569962757776481,
earliest_duplicate,threshold_1,-0.9194088933996101,1.8825300741833422,-4.685029700664893,2.846211913865673,0.6270538601051162,0.39875467795647435,0.009232460397947041,17.22241811375963,
earliest_duplicate,threshold_2,-2.423753959389305,1.808270603222272,-6.040833708627229,1.1933257898486187,0.18517819407878136,0.08858843508643408,0.0023795742148495355,3.298031547866464,
earliest_duplicate,threshold_3,-3.4776113529205546,1.7572919653016559,-6.992718643756616,0.03749593791550687,0.05241537105088962,0.030881087023078603,0.0009185459349225337,1.0382077797855367,
earliest_duplicate,threshold_4,-4.743286224987562,1.7368017833458325,-8.217407049484715,-1.2691654004904103,0.008277563104634773,0.008709976161896343,0.00026991403204891566,0.2810661015469325,
earliest_duplicate,threshold_5,-5.991343206019961,1.7801546979489034,-9.552182771175605,-2.4305036408643157,0.0013365470383204065,0.002500303371125372,7.104601649772103e-05,0.08799250479949759,
earliest_duplicate,threshold_6,-7.404343180750911,1.8260090334720218,-11.056905073383362,-3.751781288118461,0.000146747210234127,0.0006086037366636207,1.5777825179277164e-05,0.023475891263354122,
earliest_duplicate,understanding_w,-0.1663603270091194,0.12450346234852797,-0.4154043315781144,0.08268367755987557,0.1865327452514134,0.8467410755350027,0.6600733382474622,1.0861981653459545,
earliest_duplicate,understanding_b,0.8463301214966631,0.2027365190076255,0.4407967040829571,1.251863538910369,9.799272231383616e-05,2.3310763681746924,1.553944759603522,3.496853411731919,
earliest_duplicate,human10_w,0.28923424592360186,0.08244906341293551,0.12431156395159132,0.4541569278956124,0.0008620812246660067,1.3354045049554222,1.132368621286491,1.5748451152145244,
earliest_duplicate,human10_b,0.3281301376846464,0.15948848535070947,0.009105667801268924,0.6471546075680239,0.044002393498025406,1.3883696397436849,1.0091472505112746,1.9100981106428472,
earliest_duplicate,prompt_code_athletes,0.023421418964921798,0.32088206548741277,-0.6184382777529873,0.6652811156828309,0.9420562711249806,1.023697854348888,0.5387852137490492,1.9450372249573753,
earliest_duplicate,prompt_code_audiobook,0.004150661947818046,0.23507118680587458,-0.4660617210382802,0.4743630449339163,0.9859710358265007,1.004159287875428,0.6274685548414567,1.6069902908222455,
earliest_duplicate,prompt_code_bee,0.1950385597486239,0.3677380687280116,-0.5405470981997481,0.930624217696996,0.5978104673766061,1.2153578494793764,0.5824295190513732,2.536091756985359,
earliest_duplicate,prompt_code_dad,-0.3334693453796324,0.3796783309738445,-1.0929390838926232,0.4260003931333583,0.38328766930527236,0.7164338603113558,0.33522977595905484,1.5311213770680179,
earliest_duplicate,prompt_code_dating,0.28424905601398337,0.26169735025881613,-0.23922358373562963,0.8077216957635964,0.2817462832595559,1.3287638261674084,0.7872388488916416,2.2427923980337967,
earliest_duplicate,prompt_code_extremesports,-0.09474569572492254,0.276597945053389,-0.6480239627888367,0.4585325713389916,0.7331420995543828,0.909604221300475,0.5230783785355899,1.5817511741241839,
earliest_duplicate,prompt_code_isolation,-0.23099993663745755,0.3624826178827111,-0.956073127706272,0.49407325443135686,0.526372156798267,0.793739516328595,0.3843994134751348,1.638978618843042,
earliest_duplicate,prompt_code_mana,0.03507591761344068,0.38343940077283656,-0.7319170806269174,0.8020689158537987,0.9274182443947198,1.0356983335608119,0.48098601669125013,2.2301501518061824,
earliest_duplicate,prompt_code_mattdamon,-0.32153487117547347,0.4957709092462641,-1.3132243411588052,0.6701545988078581,0.5191004238255423,0.7250353467518141,0.26895146554053534,1.9545394667510945,
earliest_duplicate,prompt_code_news,-0.26792550680637456,0.18514393293016035,-0.6382685126057286,0.10241749899297947,0.15306801192163233,0.7649647636486868,0.5282062151089305,1.107845899737119,
earliest_duplicate,prompt_code_obama,-0.7185588851831644,0.377574521616989,-1.4738203784217037,0.03670260805537506,0.06182950336659918,0.48745422753749584,0.22904875860451465,1.0373844651760247,
earliest_duplicate,prompt_code_pads,0.3368461290264521,0.1694959621447912,-0.0021962748919852615,0.6758885329448895,0.051455125601026344,1.4005235472364035,0.9978061351550173,1.9657788594964982,
earliest_duplicate,prompt_code_pig,-0.0056513652741791215,0.3929683044465576,-0.7917050087792651,0.7804022782309069,0.9885735526934973,0.9943645736508544,0.4530716452230941,2.182350000837011,
earliest_duplicate,prompt_code_reincarnation,-0.15414368705263368,0.37429373306186164,-0.9028426260898625,0.5945552519845951,0.6819349132342625,0.857148850970635,0.4054155753108626,1.8122247823284214,
earliest_duplicate,prompt_code_school,0.22870023092787162,0.3631244752337147,-0.49765686600219916,0.9550573278579424,0.5312086121967023,1.2569651832411313,0.6079535086339691,2.5988195634078637,
earliest_duplicate,prompt_code_screen,-0.13075613902131258,0.27211241495786215,-0.6750620100045649,0.4135497319619398,0.6326033725482079,0.8774317196614199,0.5091248487944773,1.5121760890103069,
earliest_duplicate,prompt_code_shapeshifter,-0.317560836257455,0.3472930692970947,-1.0122504063730813,0.37712873385817114,0.3641727780577583,0.7279223953529946,0.36340026042960766,1.4580920030988251,
earliest_duplicate,prompt_code_sideeffect,-0.3460432879018814,0.30242942164263636,-0.9509922013266794,0.25890562552291657,0.2570801243497279,0.7074818610382538,0.38635748880120885,1.295511535834853,
earliest_duplicate,prompt_code_stereotype,-0.05975884062554695,0.2632994944806899,-0.5864362459727267,0.46691856472163284,0.8212252283652731,0.9419916763177488,0.5563062950864542,1.5950715030359701,
earliest_duplicate,high_creative,0.13299122816067419,0.12188974355491598,-0.11082456039810099,0.3768070167194494,0.2796007258111108,1.1422399787413842,0.8950957704003566,1.4576229853611629,
earliest_duplicate,high_argumentative,0.05624958835449942,0.18170203056467787,-0.30720858763959435,0.41970776434859314,0.7579601738256637,1.0578616807461365,0.73549716928737,1.5215168491747149,
creative,threshold_1,0.2494337234412727,1.8967645485124631,-3.5502422542059926,4.049109701088538,0.8958472819716552,1.2832985090282698,0.02871768183228241,57.34637889270369,
creative,threshold_2,-1.2239498271339853,1.811428085959334,-4.852676328192386,2.404776673924415,0.5020232166465862,0.2940663587335717,0.00780745425298294,11.075956456073083,
creative,threshold_3,-2.126518991825725,1.7455694173718432,-5.623314726280557,1.3702767426291071,0.22824130478659463,0.11925168828046519,0.0036126463065503274,3.9364399254796325,
creative,threshold_4,-3.2718976463466576,1.7219883216089316,-6.721454769574174,0.1776594768808586,0.06257726957309738,0.037934372706163344,0.0012047842549867023,1.1944185248553016,
creative,threshold_5,-4.436020248824704,1.7460549384825332,-7.93378859893833,-0.9382518987110777,0.013865706566114208,0.011842976958495677,0.0003584259053445615,0.39131128958055855,
creative,threshold_6,-5.863966609296207,1.779163321849393,-9.428059021105552,-2.2998741974868615,0.0017061265861765221,0.002839956314072396,8.043517148892602e-05,0.10027145733070357,
creative,understanding_w,-0.07586724917088383,0.14512011192748456,-0.3665777665077816,0.21484326816601396,0.6031831902152147,0.926939250346143,0.6931022342463947,1.2396675863647872,
creative,understanding_b,0.46347641967489905,0.20406261254529742,0.054689885029682694,0.8722629543201155,0.026995824933214667,1.5895904742224665,1.0562130164133232,2.3923184400049133,
creative,human10_w,0.21955696234771163,0.0805711657344978,0.058153522383325246,0.38096040231209805,0.008563780818213894,1.2455247939514738,1.0598776981709896,1.4636896455364283,
creative,human10_b,0.42952700344228223,0.1726310456330939,0.08370546349278346,0.775348543391781,0.015843846843068936,1.5365305779662493,1.0873085945655216,2.171348804585418,
creative,prompt_code_dad,-0.5074618062976511,0.2779718297337718,-1.0643062943129904,0.049382681717688115,0.07324643910445891,0.6020216888708445,0.3449670774060019,1.0506223277775264,
creative,prompt_code_isolation,-0.3605297951300759,0.29387402856057776,-0.9492302153544877,0.22817062509433594,0.22502426549798815,0.6973067984467206,0.3870388453708087,1.2562996633946875,
creative,prompt_code_mana,-0.20606095297418647,0.31697903789903054,-0.8410462687147472,0.42892436276637425,0.518300185006239,0.813783472248202,0.4312590744242564,1.535604881099499,
creative,prompt_code_mattdamon,-0.49680885427561783,0.2368938407300953,-0.9713642420704072,-0.022253466480828432,0.040505233654936135,0.6084692789972567,0.3785662296806918,0.9779923153624197,
creative,prompt_code_obama,-0.8783254339237008,0.29461700503978644,-1.4685142148844097,-0.28813665296299196,0.004242852230167098,0.4154780749604877,0.23026735896290101,0.7496591420961415,
creative,prompt_code_pig,-0.17983842479008277,0.28980710752659156,-0.7603918231988744,0.40071497361870895,0.5374162711762848,0.8354051812746167,0.46748322034912587,1.4928916943356132,
creative,prompt_code_reincarnation,-0.2942301770535118,0.28602275054205134,-0.8672025974562163,0.2787422433491927,0.308045812157275,0.7451049656378461,0.4201251661513414,1.3214666831412412,
creative,prompt_code_shapeshifter,-0.4810751033445072,0.2658782003858619,-1.0136931406114598,0.051542933922445355,0.07576006119395347,0.6181184931934891,0.36287634845539785,1.052894390207828,
creative,prompt_code_sideeffect,-0.5077404389841548,0.2706744241429999,-1.0499664669781117,0.03448558900980214,0.06589403040874033,0.6018539693175009,0.34994948377810414,1.0350871116384124,
creative,high_creative,0.049397276179067036,0.11295738163438435,-0.17688355020537047,0.27567810256350456,0.6635691730954022,1.050637661156404,0.8378773494874461,1.31742372044721,
argumentative,threshold_1,-0.0401833036579763,2.440521756390324,-4.952698806163174,4.872332198847222,0.9869345955566378,0.960613339073969,0.007064317954385667,130.62520588190142,
argumentative,threshold_2,-1.6669090920386294,2.280165193743555,-6.256643575334299,2.9228253912570397,0.46845773191304346,0.18882982014895613,0.0019176715268739441,18.59374792700406,
argumentative,threshold_3,-3.059891152648903,2.3430989214296605,-7.776304659427527,1.6565223541297214,0.19807417209991507,0.046892799099179046,0.00041955972956989637,5.241052590080948,
argumentative,threshold_4,-4.596387670462383,2.3688999324488935,-9.364735918769295,0.17196057784452723,0.058486760224869844,0.010088211949665289,8.569329968670984e-05,1.1876310133165902,
argumentative,threshold_5,-5.957960582315233,2.441477747528756,-10.872400395175587,-1.0435207694548794,0.018585939328334043,0.0025851788589937716,1.897476925604818e-05,0.35221243762203297,
argumentative,threshold_6,-7.296609993673208,2.5521214961095118,-12.433764121099713,-2.159455866246703,0.006366216178459173,0.0006778327419998553,3.9818496075683055e-06,0.11538789040493924,
argumentative,understanding_w,-0.3002785351786025,0.12821175801232745,-0.5583554186113393,-0.04220165174586571,0.023562470149393503,0.7406119054806628,0.5721492365275967,0.9586764423013293,
argumentative,understanding_b,0.831317151462733,0.26750563713141495,0.29285623179477005,1.369778071130696,0.003229111157406668,2.2963413785966904,1.3402500912298287,3.9344774244459217,
argumentative,human10_w,0.3482787735900246,0.12713732975809,0.09236460206159708,0.6041929451184522,0.00872963578003411,1.4166271129247487,1.0967646318365116,1.8297748840725343,
argumentative,human10_b,0.321325594682289,0.19819108798249194,-0.07761237406272237,0.7202635634273004,0.11179056370729892,1.3789544880573255,0.9253230362450473,2.0549747554646145,
argumentative,prompt_code_athletes,0.0854038082911784,0.3462050304221389,-0.611470773769312,0.7822783903516689,0.8062491145854164,1.0891567884523488,0.5425523102623611,2.1864481772424775,
argumentative,prompt_code_audiobook,0.12925262763482154,0.2444990126270495,-0.3628983588223123,0.6214036140919554,0.5995948637932299,1.1379775724381191,0.6956571373165282,1.8615390914661532,
argumentative,prompt_code_dating,0.19895325390216817,0.27893218496243777,-0.36250811360570295,0.7604146214100393,0.4792833946739117,1.2201249284874705,0.6959286671649325,2.1391629794203286,
argumentative,prompt_code_extremesports,-0.10363593592535497,0.3205547151708467,-0.7488791113056235,0.5416072394549136,0.7479318439060243,0.9015534609078005,0.4728963199191378,1.7187671137170542,
argumentative,prompt_code_news,-0.20630299820607068,0.21707191633764797,-0.6432461032511287,0.23064010683898745,0.34688101054305925,0.8135865236751513,0.5255835534767743,1.2594059063057572,
argumentative,prompt_code_pads,0.3124924787723719,0.18170498609139416,-0.053260688032711445,0.6782456455774553,0.09219506931867653,1.3668276609131702,0.9481328133849044,1.9704178868862179,
argumentative,prompt_code_school,0.2841111036531094,0.40776824888048296,-0.5366838098974971,1.104906017203716,0.4894676286111937,1.3285805327037183,0.5846839641809939,3.0189407269820148,
argumentative,prompt_code_screen,-0.09567329221480923,0.3239817299318824,-0.7478146905249984,0.5564681060953799,0.7690900540794874,0.9087608668244075,0.47339994857799533,1.744500217104239,
argumentative,prompt_code_stereotype,-0.09159529492965315,0.3160854984896288,-0.7278424037216807,0.5446518138623745,0.7732866753935627,0.9124743578289938,0.4829498776374619,1.724008002172957,
argumentative,high_argumentative,0.20927589502755622,0.1861908341861193,-0.16550681566482045,0.5840586057199328,0.26685044590324136,1.232785070887065,0.8474640871540734,1.7933019865250353,
participant_FE_linear,Intercept,3.5947764481403803,0.34900122809415146,2.896670051703347,4.292882844577414,6.893603497905215e-15,,,,
participant_FE_linear,understanding,-0.09440056788801965,0.06557768290468219,-0.22557546417499724,0.036774328398957945,0.15519958802527942,,,,
participant_FE_linear,human10,0.1503600048295847,0.04305106048019441,0.06424506231564762,0.23647494734352176,0.0009044870142336513,,,,
participant_FE_linear,worker_id_A1198W1SPF1R4,3.252357451445573,0.19351625941816344,2.865267299207074,3.6394476036840717,2.277884229009754e-24,,,,
participant_FE_linear,worker_id_A143XRCI1YXAFE,2.6759571824594244,0.12263948041610456,2.43064169689013,2.9212726680287187,3.185121436985457e-30,,,,
participant_FE_linear,worker_id_A14OQ52EFQAN2W,1.3209502019084927,0.09345575550243919,1.1340108577222663,1.507889546094719,9.379177050590656e-21,,,,
participant_FE_linear,worker_id_A173MXK429XAZQ,1.208251088633082,0.1109372999739788,0.9863434491149895,1.4301587281511745,7.639661298180178e-16,,,,
participant_FE_linear,worker_id_A17AF42SNQNH9C,0.8996562182957968,0.15402245076305376,0.5915654454931617,1.207746991098432,2.2603098209241729e-07,,,,
participant_FE_linear,worker_id_A17Q4QN6UE0EZC,1.4579738495690333,0.15541753877016218,1.147092485264261,1.7688552138738056,2.268156897589971e-13,,,,
participant_FE_linear,worker_id_A1BWS5AD2T4NIR,-1.180712268288306,0.16740704864440312,-1.5155762230815408,-0.8458483134950712,2.0319097226988826e-09,,,,
participant_FE_linear,worker_id_A1E235KE3CSO7H,0.4616845022016909,0.06060628396854655,0.34045388437902946,0.5829151200243523,2.2028121595503781e-10,,,,
participant_FE_linear,worker_id_A1FVXS8IM5QYO8,2.9875291341824273,0.1774317265455733,2.6326128380170872,3.3424454303477673,2.0786959841687533e-24,,,,
participant_FE_linear,worker_id_A1PBRKFHSF1OF8,2.7522654252235483,0.07288010601684952,2.606483507889876,2.898047342557221,1.5938285474414114e-43,,,,
participant_FE_linear,worker_id_A1PTH9KTRO06EG,2.128521735176871,0.07077121851226002,1.986958220925502,2.27008524942824,6.903096597212225e-38,,,,
participant_FE_linear,worker_id_A1QUQ0TV9KVD4C,1.3905495646107893,0.12318408795866263,1.1441447017602633,1.6369544274613153,1.7828988950147405e-16,,,,
participant_FE_linear,worker_id_A1S5KQVM900NE,1.9358687705372288,0.07199898428882916,1.791849359077045,2.0798881819974127,3.635460914597956e-35,,,,
participant_FE_linear,worker_id_A1TW2BZRRS874Z,1.2366156518255698,0.0652610636775849,1.1060740882889628,1.3671572153621767,5.246243187219573e-27,,,,
participant_FE_linear,worker_id_A1VZSFHTU51JP0,1.1337766268976102,0.032110135175902055,1.0695467934406697,1.1980064603545506,7.584639410937534e-42,,,,
participant_FE_linear,worker_id_A1WKF2VH7TV0H2,1.9395616869880505,0.07811006718491054,1.7833182897206865,2.0958050842554146,2.9201236497973126e-33,,,,
participant_FE_linear,worker_id_A23EWFNNOUS10B,1.4946025032802241,0.092655467002252,1.3092639744379053,1.679941032122543,1.723293368546649e-23,,,,
participant_FE_linear,worker_id_A23KAJRDVCVGOE,-0.5259249604535472,0.10275731789077133,-0.7314701996264841,-0.3203797212806103,3.426984006948954e-06,,,,
participant_FE_linear,worker_id_A2BPXWBO2OSJRP,0.7677415262535001,0.15169561337994358,0.4643051212004817,1.0711779313065186,4.2276012647606164e-06,,,,
participant_FE_linear,worker_id_A2EED3HLTA96CP,1.659803894094114,0.06779595050844675,1.5241918019506815,1.7954159862375465,6.330437961399869e-33,,,,
participant_FE_linear,worker_id_A2FCQ5K0T1PYHS,-0.36446015555309474,0.14001137783462958,-0.64452460969292,-0.08439570141326952,0.011625194695063077,,,,
participant_FE_linear,worker_id_A2FYFCD16Z3PCC,1.994932787942761,0.15469825701999373,1.6854902013562651,2.304375374529257,6.020111353021246e-19,,,,
participant_FE_linear,worker_id_A2ONILC0LZKG6Y,1.7465885028490786,0.05557986100789944,1.6354122279271222,1.857764777771035,5.7955623835663966e-39,,,,
participant_FE_linear,worker_id_A2OVOVZBJYUO,1.2498856048877474,0.054697655796137626,1.1404740031294476,1.3592972066460471,2.673948288015334e-31,,,,
participant_FE_linear,worker_id_A2OVX9UW5WANQE,1.3037587816145164,0.08136910525882055,1.1409963375860486,1.4665212256429843,2.3929287068704328e-23,,,,
participant_FE_linear,worker_id_A2PLJREKV92BZN,2.951063090308479,0.1631335813017212,2.6247473429332597,3.277378837683698,5.6411738623393e-26,,,,
participant_FE_linear,worker_id_A2QKAA5YS0P4CI,2.7682597674032556,0.08630167508099501,2.595630714702559,2.9408888201039525,1.8104803988320776e-39,,,,
participant_FE_linear,worker_id_A2QX3YJXAAHHVV,2.4057188840703314,0.19638610267359652,2.0128881906184675,2.7985495775221954,5.695094249380682e-18,,,,
participant_FE_linear,worker_id_A2RUHO7I7Y4XFA,1.2962204255391347,0.06022201039033994,1.1757584693180176,1.4166823817602519,6.591940970400129e-30,,,,
participant_FE_linear,worker_id_A2W121DQXNQK1,2.768963179302262,0.09364567320851776,2.581643943142205,2.9562824154623195,1.798784116098399e-37,,,,
participant_FE_linear,worker_id_A2WGW5Y3ZFBDEC,1.401030223739793,0.068227748419211,1.2645544071759083,1.5375060403036775,7.961516003878055e-29,,,,
participant_FE_linear,worker_id_A2YTQDLACTLIBA,0.5598213728405206,0.10441872887916726,0.35095281688602475,0.7686899287950164,1.3889291828283823e-06,,,,
participant_FE_linear,worker_id_A324VBRLXHG5IB,1.9918933202215943,0.05691942892557575,1.8780375105114695,2.105749129931719,1.265078886294905e-41,,,,
participant_FE_linear,worker_id_A345TDMHP3DQ3G,1.0257297241355705,0.13534969351719978,0.7549900269828181,1.296469421288323,2.5722425034780316e-10,,,,
participant_FE_linear,worker_id_A377LTGWJKY2IW,2.2354270381961565,0.21491181429006959,1.805539404146597,2.665314672245716,4.713360663141239e-15,,,,
participant_FE_linear,worker_id_A394JO4NEPCY3M,1.9035364990786774,0.10565595047607314,1.6921931314585417,2.114879866698813,6.937690167389984e-26,,,,
participant_FE_linear,worker_id_A3DS5B06ZCD3E3,1.9053883710478,0.08699496812293268,1.7313725257852977,2.0794042163103024,2.6031424648583456e-30,,,,
participant_FE_linear,worker_id_A3DUPRZSMU9W5R,1.5429061417348704,0.044569042663821855,1.453754782765167,1.632057500704574,2.3495593147411576e-41,,,,
participant_FE_linear,worker_id_A3HE29W5IDR394,2.8960787846922953,0.23035518062710694,2.4352998185941916,3.356857750790399,1.842922654472483e-18,,,,
participant_FE_linear,worker_id_A3MYPYBVHX7FQ2,1.815244793807491,0.049623392852918564,1.7159832291628399,1.914506358452142,9.963235320961413e-43,,,,
participant_FE_linear,worker_id_A3O5RKGH6VB19C,2.665215304060477,0.12372286523063468,2.4177327262062747,2.9126978819146796,6.3083625953336725e-30,,,,
participant_FE_linear,worker_id_A3OLRWACCCCUTU,2.699121078373103,0.06952667184094709,2.5600470281177565,2.8381951286284495,3.2426219573045157e-44,,,,
participant_FE_linear,worker_id_A3P9TM5PRYBH90,1.4472021728331788,0.04435363869202983,1.358481685959104,1.5359226597072535,6.867203416621705e-40,,,,
participant_FE_linear,worker_id_A3S67QA0SQVPUJ,2.7452596070215414,0.08503736338147165,2.5751595542597485,2.9153596597833342,1.2578837288370283e-39,,,,
participant_FE_linear,worker_id_A3VEF4M5FIN7KH,2.8454262968184922,0.12976205756416354,2.585863535692807,3.1049890579441777,2.4447179111615177e-30,,,,
participant_FE_linear,worker_id_A6KOTWP7N7RLU,1.3055848885100003,0.053594476378662194,1.1983799741377676,1.412789802882233,8.314027985223325e-33,,,,
participant_FE_linear,worker_id_A8C3WNWRBWUXO,0.8912549567282224,0.06144310057298379,0.7683504564742798,1.014159456982165,2.8029578536434247e-21,,,,
participant_FE_linear,worker_id_ABL2FXYMI00T6,0.93830173397465,0.09340812912203235,0.7514576567334219,1.125145811215878,1.8017919054467606e-14,,,,
participant_FE_linear,worker_id_AFIK3VBMMX6G6,1.1444668093565848,0.1011770558242105,0.9420825649536013,1.3468510537595684,1.6389083675744179e-16,,,,
participant_FE_linear,worker_id_AFRJKS3Z3H4CA,0.6537061184649455,0.09340130055498343,0.4668757003915128,0.8405365365383782,2.5124097611061574e-09,,,,
participant_FE_linear,worker_id_AKLV0WIZZ356X,2.618090305521029,0.1929337709233616,2.2321653037500306,3.0040153072920273,6.099732462388539e-20,,,,
participant_FE_linear,worker_id_AM2KK02JXXW48,2.7948819884737697,0.1046152865377229,2.585620258662965,3.0041437182845745,5.185317497399068e-35,,,,
participant_FE_linear,worker_id_ANCIB6B6EBBIJ,2.0218902717702996,0.08255866187092022,1.856748360241486,2.187032183299113,6.218435339532051e-33,,,,
participant_FE_linear,worker_id_APRZ7BR8C0ZMQ,1.9483473015135981,0.10623548193977049,1.7358446983688398,2.1608499046583565,2.8026887709801134e-26,,,,
participant_FE_linear,worker_id_ASVRLMDNQBUD9,2.124891947931826,0.08723547055808092,1.9503950261721075,2.299388869691544,8.357333883104008e-33,,,,
participant_FE_linear,worker_id_AUAAHI7AUJ419,0.31658663798898257,0.07494044891135973,0.16668342125081875,0.4664898547271464,8.264417108952385e-05,,,,
participant_FE_linear,worker_id_AZCGF2D7QIO10,2.2134162400743556,0.10041459713523988,2.0125571401262956,2.4142753400224155,1.8493008776423716e-30,,,,
participant_FE_linear,worker_id_AZLZA0Q87TJZO,2.4572886925187465,0.08964276114587737,2.2779764726393035,2.6366009123981895,1.2427059079535665e-35,,,,
participant_FE_linear,worker_id_AZZA3J049G7R5,1.9667408354441125,0.09674493978464684,1.7732221431019826,2.160259527786242,1.350976347296628e-28,,,,
participant_FE_linear,worker_id_b38b55361ff74d31801bb1a9d7d19d2d,1.7452148296144774,0.17178320726933985,1.4015972542549926,2.088832404973962,1.1706809105019429e-14,,,,
participant_FE_linear,prompt_code_athletes,-0.019489354776435486,0.17536957417107835,-0.3702807320384118,0.3313020224855408,0.9118817724285977,,,,
participant_FE_linear,prompt_code_audiobook,-0.008820750384749373,0.1286285935188881,-0.2661162458493389,0.24847474507984013,0.9455556699993907,,,,
participant_FE_linear,prompt_code_bee,0.10781258171932234,0.1823306790492718,-0.2569030784693172,0.4725282419079619,0.5565390032175692,,,,
participant_FE_linear,prompt_code_dad,-0.03132024568741683,0.19895005951286432,-0.4292796164206068,0.3666391250457732,0.8754363940857792,,,,
participant_FE_linear,prompt_code_dating,0.044200376032679456,0.1532419602045768,-0.2623291832057315,0.3507299352710904,0.7740077355356557,,,,
participant_FE_linear,prompt_code_extremesports,-0.09257134793681703,0.15328680792178584,-0.3991906159662835,0.21404792009264945,0.5481804795285339,,,,
participant_FE_linear,prompt_code_isolation,-0.08772491891857626,0.1890598795006251,-0.4659009841139552,0.2904511462768027,0.6443225681586381,,,,
participant_FE_linear,prompt_code_mana,-0.05938491937497559,0.19796955900513485,-0.45538299707807045,0.3366131583281193,0.7652368825659073,,,,
participant_FE_linear,prompt_code_mattdamon,-0.16185730046960373,0.2520006030332668,-0.6659335578633276,0.34221895692412013,0.5231319912787964,,,,
participant_FE_linear,prompt_code_news,-0.22128173175693544,0.11976137396308337,-0.46084014725672645,0.01827668374285557,0.06957851482151388,,,,
participant_FE_linear,prompt_code_obama,-0.42667041904275005,0.21546186662563996,-0.8576583215811447,0.004317483495644647,0.05226550897171925,,,,
participant_FE_linear,prompt_code_pads,0.170596171912258,0.10293561917971876,-0.03530572294062276,0.37649806676513875,0.10267728468526213,,,,
participant_FE_linear,prompt_code_pig,0.01950543499450652,0.2054770801515219,-0.3915099209064324,0.4305207908954454,0.9246886994017867,,,,
participant_FE_linear,prompt_code_reincarnation,-0.0788673208621965,0.20207600012602628,-0.4830795037956403,0.3253448620712473,0.6977076745605807,,,,
participant_FE_linear,prompt_code_school,0.0773985684313209,0.19020559040709087,-0.3030692597949195,0.45786639665756124,0.6855143335709248,,,,
participant_FE_linear,prompt_code_screen,-0.14578185393672777,0.14198734538361205,-0.4297988316611535,0.13823512378769798,0.30867186194245994,,,,
participant_FE_linear,prompt_code_shapeshifter,-0.0576700417517606,0.15802610854947957,-0.3737693225046737,0.2584292390011525,0.7164394553680677,,,,
participant_FE_linear,prompt_code_sideeffect,-0.13852533386996913,0.15877630025202624,-0.45612522145157947,0.17907455371164122,0.3864377803346088,,,,
participant_FE_linear,prompt_code_stereotype,-0.13308216946373808,0.1498757119623002,-0.4328782296747638,0.16671389074728765,0.37811336182952465,,,,
participant_FE_linear,high_creative,0.02966567753363125,0.05771109124200513,-0.08577369258381787,0.14510504765108037,0.6091137127503743,,,,
participant_FE_linear,high_argumentative,-0.007437446180156737,0.08968160512163366,-0.18682736557970347,0.17195247321939,0.934181924029008,,,,
threshold_gt_3,Intercept,-4.907089096314279,2.3582435791134033,-9.624278591393935,-0.18989960123462435,0.04172709720706674,0.00739398020002888,6.610417895510414e-05,0.8270421637874035,
threshold_gt_3,understanding_w,0.016139922450973062,0.18091140831751645,-0.34573677358408766,0.3780166184860338,0.9292085670532633,1.016270874569757,0.707698747595961,1.4593871954800013,
threshold_gt_3,understanding_b,1.077293947261903,0.26600255034757475,0.5452096251514106,1.6093782693723955,0.00014922459442430407,2.9367218647190008,1.724969941564341,4.999701793584536,
threshold_gt_3,human10_w,0.67654155195922,0.1680843460732194,0.34032280059426806,1.012760303324172,0.00016220544718067954,1.9670629696982753,1.4054011816865466,2.753190176000005,
threshold_gt_3,human10_b,0.28916801099825146,0.21935737089745494,-0.14961206025070195,0.7279480822472049,0.19243020875060607,1.3353160574669125,0.8610419440371184,2.070827078375305,
threshold_gt_3,prompt_code_athletes,-0.018557588568993953,0.9295949308155015,-1.8780243040347386,1.8409091268967508,0.984139055190307,0.9816135432447669,0.15289187541755708,6.302265216186213,
threshold_gt_3,prompt_code_audiobook,0.5380235206062273,1.1101056902908717,-1.6825184738882406,2.7585655151006954,0.6296824261982006,1.7126185595403811,0.18590518860953967,15.777194560408637,
threshold_gt_3,prompt_code_bee,0.8414376729324015,1.0152880652641185,-1.1894408327324872,2.87231617859729,0.4105208477506766,2.3196995498861837,0.30439142220864956,17.677916028966393,
threshold_gt_3,prompt_code_dad,-0.29301456884794885,0.9538217261190569,-2.200942090193781,1.6149129524978831,0.7597544489576548,0.7460112720932589,0.1106988209487448,5.0274502774323615,
threshold_gt_3,prompt_code_dating,29.87939583724301,0.876445329996899,28.126244152535644,31.632547521950375,5.643131346067478e-41,9472328145816.846,1640864171024.826,54681552615043.65,
threshold_gt_3,prompt_code_extremesports,28.88094520919051,0.7851237013647003,27.310463979338927,30.451426439042095,7.228295948711124e-43,3490078026968.4404,725744585553.4509,16783652095783.799,
threshold_gt_3,prompt_code_isolation,0.5377698906296319,1.0106312985689998,-1.4837936947573822,2.5593334760166457,0.596612805876914,1.712184243215356,0.22677573650374871,12.927198155815406,
threshold_gt_3,prompt_code_mana,0.2691359934394801,0.8699238623066243,-1.4709708136506938,2.009242800529654,0.7581052657381016,1.3088331216620146,0.2297023787019954,7.457668266387234,
threshold_gt_3,prompt_code_mattdamon,-0.004221078859604256,1.0445410234315111,-2.093614213034203,2.085172055314994,0.9967890958028252,0.9957878173721315,0.12324091102049435,8.045975715498049,
threshold_gt_3,prompt_code_news,0.7943489394993112,0.33185987629684116,0.13053035172881788,1.4581675272698045,0.019826689927788747,2.212999730966488,1.1394325231156754,4.298076200130166,
threshold_gt_3,prompt_code_obama,-0.1869980256537768,0.9370503087636464,-2.0613777173914887,1.6873816660839351,0.8424992759598813,0.8294453739961288,0.12727849524887389,5.405309255882839,
threshold_gt_3,prompt_code_pads,0.5093818513402134,0.9345532338039994,-1.3600029467943102,2.3787666494747373,0.5877368886239207,1.6642621155203783,0.2566600206281531,10.791584845889119,
threshold_gt_3,prompt_code_pig,0.43880979821007826,1.064797504488553,-1.691102330904594,2.5687219273247504,0.6817301566799155,1.5508602829316835,0.18431623448592924,13.049136034506782,
threshold_gt_3,prompt_code_reincarnation,0.5401933653421229,0.9647739113006674,-1.3896417881687813,2.4700285188530273,0.5776205374667418,1.7163387105217998,0.24916454233469795,11.822784019078338,
threshold_gt_3,prompt_code_school,0.6330808342086431,0.4331135273955756,-0.23327521132564055,1.4994368797429267,0.14904212505974146,1.8834041060327227,0.7919355938858419,4.479166050885007,
threshold_gt_3,prompt_code_screen,0.544247875160647,0.5631644744676944,-0.5822487965528875,1.6707445468741815,0.3377182867812132,1.7233117492500092,0.558640683715149,5.316124427875414,
threshold_gt_3,prompt_code_shapeshifter,27.823635334666474,0.7280193966321966,26.367379721198954,29.279890948133993,8.003745605097695e-44,1212414976307.6462,282623008533.59375,5201098390403.504,
threshold_gt_3,prompt_code_sideeffect,0.07802531487331231,0.9008063381822577,-1.7238556414492991,1.8799062711959238,0.9312642176333552,1.0811500274996402,0.17837706233655207,6.552890638803569,
threshold_gt_3,prompt_code_stereotype,0.883874072626374,0.9574847191134068,-1.0313805256281094,2.7991286708808576,0.3596417115649111,2.420257822280802,0.3565144433552083,16.43032431220528,
threshold_gt_3,high_creative,0.15401570236778023,0.32952808729738414,-0.5051386129457023,0.8131700176812628,0.6419191941680074,1.1665092035911642,0.6034219275389568,2.255045201311553,
threshold_gt_3,high_argumentative,0.3622620013815552,0.40726746003281,-0.4523942118993546,1.1769182146624648,0.3772901393480681,1.4365752773653788,0.6361033607783612,3.244360358373411,
threshold_gt_4,Intercept,-4.024663693340609,2.535318386770046,-9.09605554050944,1.046728153828222,0.11766966075053764,0.01786943275212559,0.00011210713958227856,2.8483166020696085,
threshold_gt_4,understanding_w,-0.0885033452950259,0.16031056978818453,-0.40917222888819654,0.23216553829814474,0.5829480920647325,0.9153000487821756,0.6641998280727119,1.2613285097221365,
threshold_gt_4,understanding_b,0.6587764399349939,0.29961070444087917,0.05946580038974503,1.2580870794802428,0.03176072647930326,1.9324264474651285,1.0612694653568011,3.518684082376031,
threshold_gt_4,human10_w,0.30873756902175226,0.11223089498928306,0.08424235421197818,0.5332327838315263,0.007845424256704682,1.361704970041624,1.0878925171961387,1.7044334767694282,
threshold_gt_4,human10_b,0.39924775635630944,0.20915265287939286,-0.019119839666844718,0.8176153523794636,0.06106356088484348,1.4907029039789443,0.9810617850802646,2.265091946017906,
threshold_gt_4,prompt_code_athletes,-0.3119032865644206,0.6679082623317325,-1.6479187290119146,1.0241121558830732,0.6422018557837423,0.732052324100089,0.19245003276278072,2.7846220524207848,
threshold_gt_4,prompt_code_audiobook,0.4221765529165601,0.7222767980139096,-1.0225921530420972,1.8669452588752176,0.5610700863975221,1.5252777931554589,0.35966143332096306,6.468506575229698,
threshold_gt_4,prompt_code_bee,-0.07467686434746071,0.7452145016435262,-1.5653278089184486,1.4159740802235272,0.920512847290286,0.9280433217665477,0.20901948349075827,4.120498207592062,
threshold_gt_4,prompt_code_dad,-0.7684477622488626,0.652800331640699,-2.0742428438399396,0.5373473193422145,0.24378191874295405,0.46373233276543135,0.12565152931463047,1.711460876163242,
threshold_gt_4,prompt_code_dating,0.058659111856596356,0.5800565313504709,-1.101626704448897,1.2189449281620899,0.9197871873283829,1.06041369666432,0.3323300410029058,3.3836158918400536,
threshold_gt_4,prompt_code_extremesports,-0.4182789332073623,0.7199863470361771,-1.8584660550638308,1.0219081886491064,0.5634474335729763,0.6581786149459852,0.15591160685257557,2.77849159480367,
threshold_gt_4,prompt_code_isolation,-0.026872974339635865,0.7748362547934614,-1.5767762472206832,1.5230302985414115,0.9724483330163677,0.9734848912319909,0.2066401824578008,4.586101416410097,
threshold_gt_4,prompt_code_mana,-0.4105686316560797,0.7176949644247963,-1.8461723058656019,1.0250350425534425,0.5694147335328464,0.6632729848681792,0.15784017542381681,2.787193129218746,
threshold_gt_4,prompt_code_mattdamon,-0.7400554024410789,0.7796386877594877,-2.2995649715244384,0.8194541666422804,0.3463121587718929,0.4770874829776623,0.10030246866310767,2.2692608611504643,
threshold_gt_4,prompt_code_news,-0.5042053069434694,0.40746637499096716,-1.319259409381947,0.3108487954950081,0.2207536458777151,0.6039853677359676,0.26733321314077096,1.3645828745082205,
threshold_gt_4,prompt_code_obama,-1.0593255888383981,0.6852252456244816,-2.4299801552502354,0.31132897757343914,0.1273746938280945,0.34668954280258096,0.08803857966862041,1.365238280093508,
threshold_gt_4,prompt_code_pads,0.6333077483276482,0.596526741521589,-0.5599233935112499,1.8265388901665465,0.29264541341364697,1.8838315255080966,0.571252823845667,6.212347787810556,
threshold_gt_4,prompt_code_pig,-0.3625709360917168,0.7761528550031058,-1.9151078015045795,1.1899659293211458,0.642092775041106,0.6958849485692427,0.14732594977103272,3.286969216202752,
threshold_gt_4,prompt_code_reincarnation,-0.2072284636316025,0.7084664067550349,-1.6243722740339679,1.209915346770763,0.7709112925222213,0.8128339257821917,0.1970353205793808,3.3532007812594693,
threshold_gt_4,prompt_code_school,-0.3066862918347131,0.4786320393462024,-1.2640929176851654,0.6507203340157394,0.5241211294233632,0.7358814167100642,0.2824954265627299,1.9169211553198824,
threshold_gt_4,prompt_code_screen,-0.5187671338280799,0.5865156060416762,-1.6919730231706187,0.6544387555144588,0.379962555868224,0.5952539642514628,0.18415582161131835,1.9240623449033805,
threshold_gt_4,prompt_code_shapeshifter,-0.309539115230758,0.8345788498863127,-1.9789453709575158,1.3598671404959997,0.712023858094131,0.733785068664912,0.13821492594866538,3.8956756898712417,
threshold_gt_4,prompt_code_sideeffect,-0.567553038208618,0.6517151811196933,-1.8711774955759697,0.7360714191587336,0.38730141312970384,0.5669109522981804,0.15394228868917464,2.087717615297674,
threshold_gt_4,prompt_code_stereotype,-0.27550636321351574,0.5502673247584161,-1.3762048944533891,0.8251921680263576,0.6184299731106416,0.759187601205874,0.25253513423702534,2.282319311988334,
threshold_gt_4,high_creative,0.13474658250837127,0.20737738649284634,-0.2800699520282788,0.5495631170450214,0.5183239771017061,1.1442467754585626,0.7557308746991604,1.732495954553294,
threshold_gt_4,high_argumentative,-0.009387259017231576,0.30726034728474955,-0.6239994624822613,0.6052249444477982,0.9757286358314137,0.9906566637531095,0.5357972456679025,1.8316641852368394,
threshold_gt_5,Intercept,-5.195185478775517,1.8331298087619627,-8.86199104271149,-1.5283799148395456,0.006252710835812049,0.005543188075899969,0.00014167270675325964,0.21688675785883244,
threshold_gt_5,understanding_w,-0.14567223743323834,0.11076993827127296,-0.3672451037019197,0.07590062883544302,0.19348426838413832,0.8644409881540936,0.6926398556445209,1.0788553617167773,
threshold_gt_5,understanding_b,0.7030166618799657,0.2167327506305045,0.2694866128346077,1.1365467109253238,0.0019298229180689673,2.019836690544877,1.3092921043988774,3.1159893523870092,
threshold_gt_5,human10_w,0.2403923092117921,0.06888119268567053,0.10260940950490074,0.3781752089186835,0.000911937750650224,1.2717479709131176,1.108058527412958,1.4596186586801754,
threshold_gt_5,human10_b,0.3439074979361143,0.15457202457979027,0.03471741382482507,0.6530975820474035,0.029859678182923573,1.4104481601073358,1.0353270983329612,1.9214835732140656,
threshold_gt_5,prompt_code_athletes,0.4103018107965324,0.5326987763350992,-0.6552543912962283,1.475858012889293,0.44418429347723776,1.5072726276235453,0.5193099378538347,4.374787787370686,
threshold_gt_5,prompt_code_audiobook,-0.08754013820775913,0.35763292640450844,-0.8029125019752836,0.6278322255597655,0.8074646937695787,0.9161820970054936,0.44802219652701136,1.873544751532811,
threshold_gt_5,prompt_code_bee,0.13262375412206673,0.3913528825074255,-0.6501985643965392,0.9154460726406727,0.7358792835929042,1.1418203123163178,0.5219421273472699,2.4978892434767808,
threshold_gt_5,prompt_code_dad,-0.32687768043731724,0.38511184568217866,-1.0972160665872712,0.44346070571263674,0.3993739582163777,0.7211719510693863,0.3337990657508958,1.5580899899742442,
threshold_gt_5,prompt_code_dating,-0.0960206798776247,0.39303522708711514,-0.8822081885948614,0.6901668288396119,0.8078277159784067,0.9084452293382818,0.41386800330355067,1.99404817023796,
threshold_gt_5,prompt_code_extremesports,-0.36779097061903454,0.34429132220044334,-1.0564761525549913,0.3208942113169223,0.2896846457723798,0.6922618696362636,0.3476788213386449,1.378359758317061,
threshold_gt_5,prompt_code_isolation,-0.2651494895546563,0.39408596981971994,-1.0534387966714196,0.5231398175621071,0.5036440720729747,0.7670912692720614,0.3487364510380267,1.687317209434064,
threshold_gt_5,prompt_code_mana,0.2838157284602914,0.5203401355394742,-0.7570195113659239,1.3246509682865066,0.5874711674946805,1.3281881609239945,0.46906238075890155,3.760872462132927,
threshold_gt_5,prompt_code_mattdamon,-0.34960562390145383,0.49362229980049954,-1.3369972350900634,0.6377859872871556,0.481535515068431,0.7049660566663861,0.2626331112266604,1.892286691234632,
threshold_gt_5,prompt_code_news,-0.5796374153776711,0.2878943750839703,-1.1555119068282935,-0.003762923927048689,0.04856817439127446,0.560101413911884,0.31489629807211755,0.996244146999292,
threshold_gt_5,prompt_code_obama,-0.6441356901907357,0.4476848046145528,-1.5396386298101055,0.251367249428634,0.15539928862158822,0.5251162091144697,0.21445858636584073,1.2857822004121577,
threshold_gt_5,prompt_code_pads,0.0298145238495686,0.23763474491717876,-0.4455257388431784,0.5051547865423156,0.9005759434657814,1.0302634269368094,0.6404874583655802,1.6572420193710076,
threshold_gt_5,prompt_code_pig,-0.12638274898695032,0.3837647276361651,-0.8940264978434672,0.6412609998695665,0.7430580449901855,0.8812774741625624,0.40900557270217425,1.8988738498970998,
threshold_gt_5,prompt_code_reincarnation,-0.18067743482331713,0.4362883670027923,-1.0533841051091608,0.6920292354625266,0.6802601075935764,0.8347045619001531,0.3487555245009245,1.9977653591407971,
threshold_gt_5,prompt_code_school,-0.17336011452976546,0.45819306391608533,-1.0898827023431519,0.7431624732836208,0.70650152870595,0.8408347635018427,0.33625593342668697,2.102574346594677,
threshold_gt_5,prompt_code_screen,-0.40917536571956037,0.36907575188819813,-1.1474367883797987,0.32908605694067794,0.27200594325177235,0.6641977445931272,0.3174494174753019,1.3896974435523097,
threshold_gt_5,prompt_code_shapeshifter,-0.5656633479459169,0.4224953949038476,-1.4107799661831382,0.2794532702913043,0.18566606778960462,0.5679832512419014,0.24395293389138065,1.3224066156751357,
threshold_gt_5,prompt_code_sideeffect,-0.4584787771539008,0.3600616245667513,-1.1787092605656897,0.2617517062578882,0.20781071153199765,0.6322446994140871,0.3076756114609947,1.2992039181756374,
threshold_gt_5,prompt_code_stereotype,-0.3419130459394146,0.4044424467035093,-1.150918391210563,0.46709229933173374,0.40124987166301573,0.7104099750555586,0.3163461064446863,1.595348646235619,
threshold_gt_5,high_creative,0.02180653935963138,0.1406040139865732,-0.25944336358417364,0.3030564423034364,0.8772694603844695,1.0220460396618172,0.7714809006697644,1.3539908846499633,
threshold_gt_5,high_argumentative,-0.0187309683673733,0.17568479308462004,-0.3701528773355648,0.33269094060081816,0.9154485928588133,0.9814433660396237,0.6906287410846341,1.3947161817077438,
threshold_gt_6,Intercept,-8.449845933396809,2.1446448457052107,-12.73977434725505,-4.159917519538566,0.00021519613636483532,0.0002139333728168342,2.932150786917091e-06,0.015608845291652705,
threshold_gt_6,understanding_w,-0.2993907515121019,0.11439470807695164,-0.5282142369283854,-0.07056726609581845,0.011203785871388488,0.7412697005802331,0.5896570177717156,0.9318650544934898,
threshold_gt_6,understanding_b,1.1096593997156616,0.22587632091278742,0.6578394869492188,1.5614793124821045,7.270377893757335e-06,3.03332506708953,1.930616702690665,4.765866238394369,
threshold_gt_6,human10_w,0.15903975355185082,0.07848599961597091,0.002044379461412116,0.3160351276422895,0.0471816301909131,1.1723845522044292,1.0020464706299077,1.3716784386092882,
threshold_gt_6,human10_b,0.2543280612365163,0.18691650272346355,-0.11956061205975044,0.628216734532783,0.17871363393561238,1.289594800944607,0.8873102244887638,1.8742652848180046,
threshold_gt_6,prompt_code_athletes,-0.01018137303413489,0.24095425417239463,-0.49216164286024644,0.4717988967919766,0.9664362122895747,0.9898702816903193,0.6113035449922909,1.6028750080060943,
threshold_gt_6,prompt_code_audiobook,-0.32705624931628813,0.36008324162346156,-1.047329973279533,0.3932174746469567,0.36736439115229214,0.7210431836998031,0.3508733407232615,1.4817405953050244,
threshold_gt_6,prompt_code_bee,0.20801154575008565,0.3837850099024468,-0.5596727736795001,0.9756958651796713,0.5898256795716759,1.2312273849104889,0.5713960090740453,2.6530127079642902,
threshold_gt_6,prompt_code_dad,0.07716125699098225,0.34459460524919167,-0.6121305813668396,0.7664530953488042,0.8235810958642886,1.0802162547713368,0.5421944481990307,2.152119338270826,
threshold_gt_6,prompt_code_dating,0.3035672705782559,0.3204858642915842,-0.3374999057505578,0.9446344469070695,0.34733138963563326,1.354682718166707,0.7135520419583812,2.5718730505806273,
threshold_gt_6,prompt_code_extremesports,-0.4151899248510652,0.3427370668473244,-1.1007661331893241,0.27038628348719385,0.23049367291324077,0.660214877584479,0.3326161577791651,1.3104705661150906,
threshold_gt_6,prompt_code_isolation,-0.29782686395106023,0.3344879687188558,-0.9669024192693616,0.3712486913672411,0.3768095745140068,0.7424298699951495,0.38025909894888715,1.4495435175243627,
threshold_gt_6,prompt_code_mana,0.09662702052266611,0.32807775956454954,-0.5596262073856205,0.7528802484309528,0.7693735671818169,1.1014494789471663,0.5714226174880482,2.1231062921627513,
threshold_gt_6,prompt_code_mattdamon,-0.13934248339363112,0.43039358210196726,-1.000257828281112,0.7215728614938498,0.7472486456308688,0.8699300408406503,0.3677846036738885,2.057667092089707,
threshold_gt_6,prompt_code_news,-0.09496540536363388,0.32951339747670666,-0.7540903366608095,0.5641595259335418,0.774187715969573,0.9094043944383905,0.4704383606786963,1.7579696337491022,
threshold_gt_6,prompt_code_obama,-0.6240898141896413,0.34302718179739194,-1.310246338830654,0.062066710451371576,0.07384692872023173,0.5357488376588531,0.26975359741355875,1.064033324503813,
threshold_gt_6,prompt_code_pads,0.6457618489245481,0.2889974086403303,0.06768096185353023,1.2238427359955661,0.029187542181632397,1.907439656711442,1.070023875582667,3.400228842570698,
threshold_gt_6,prompt_code_pig,0.1809305049302538,0.38886153303788523,-0.5969083726705544,0.9587693825310619,0.6434134764059348,1.1983318982405746,0.5505109826664933,2.608484450910229,
threshold_gt_6,prompt_code_reincarnation,-0.16575060516285428,0.4170460518055787,-0.9999669142691998,0.6684657039434911,0.6924537477380575,0.8472575094914199,0.3678916129329545,1.9512412410457025,
threshold_gt_6,prompt_code_school,0.8315157544563782,0.40008041666299493,0.031235768374831552,1.6317957405379246,0.04196031503968464,2.296797484159377,1.0317287242181408,5.113048187389109,
threshold_gt_6,prompt_code_screen,0.18988283231153194,0.3783007392267184,-0.5668313124300577,0.9465969770531215,0.6175494286216531,1.2091079209772397,0.5673202542307135,2.5769253850319456,
threshold_gt_6,prompt_code_shapeshifter,-0.4661335484129941,0.2981891522913028,-1.0626006602895657,0.13033356346357744,0.12326167994648464,0.6274234870410171,0.3455559670625382,1.139208318227262,
threshold_gt_6,prompt_code_sideeffect,-0.23674633494512717,0.3340548903506033,-0.9049556045466516,0.4314629346563972,0.4812522137462243,0.7891914529223263,0.40455984532207945,1.5395080766599771,
threshold_gt_6,prompt_code_stereotype,0.049616778103223146,0.3239950759521308,-0.598469866667169,0.6977034228736153,0.8788013251714735,1.0508683034569068,0.5496520338682138,2.0091332755355067,
threshold_gt_6,high_creative,0.23237714785432356,0.15851314301664168,-0.08469634688249977,0.549450642591147,0.1478751052813355,1.2615954471305317,0.9187912358701763,1.7323011039750278,
threshold_gt_6,high_argumentative,0.11494037615384514,0.21217355319188091,-0.30946992018490105,0.5393506724925914,0.5900119601806294,1.1218065491567835,0.7338358447130927,1.7148929734047895,
